period,stateId,stateDescription,producertypeid,producerTypeDescription,energysourceid,energySourceDescription,capability,capability-units
2024,AK,Alaska,EU,Electric Utilities,ALL,All,2638.9,megawatts
2024,AK,Alaska,EU,Electric Utilities,BAT,Battery,131.7,megawatts
2024,AK,Alaska,EU,Electric Utilities,COL,Coal,97.1,megawatts
2024,AK,Alaska,EU,Electric Utilities,HYC,Hydroelectric,431.1,megawatts
2024,AK,Alaska,EU,Electric Utilities,NG,Natural Gas,1236.6,megawatts
2024,AK,Alaska,EU,Electric Utilities,NGCC,Natural Gas - CC,374.6,megawatts
2024,AK,Alaska,EU,Electric Utilities,NGGT,Natural Gas - GT,687.6,megawatts
2024,AK,Alaska,EU,Electric Utilities,NGIC,Natural Gas - IC,174.4,megawatts
2024,AK,Alaska,EU,Electric Utilities,OT,Other,3.1,megawatts
2024,AK,Alaska,EU,Electric Utilities,PET,Petroleum,698.5,megawatts
2024,AK,Alaska,EU,Electric Utilities,PETGT,Petroleum - GT,237.0,megawatts
2024,AK,Alaska,EU,Electric Utilities,PETIC,Petroleum - IC,410.5,megawatts
2024,AK,Alaska,EU,Electric Utilities,PETOTH,Petroleum - OTH,51.0,megawatts
2024,AK,Alaska,EU,Electric Utilities,SOL,Solar,1.7,megawatts
2024,AK,Alaska,EU,Electric Utilities,SOLPV,Solar - PV,1.7,megawatts
2024,AK,Alaska,EU,Electric Utilities,WND,Wind,39.1,megawatts
2024,AK,Alaska,IPP,Independent Power Producers,ALL,All,214.5,megawatts
2024,AK,Alaska,IPP,Independent Power Producers,COL,Coal,70.8,megawatts
2024,AK,Alaska,IPP,Independent Power Producers,HYC,Hydroelectric,45.2,megawatts
2024,AK,Alaska,IPP,Independent Power Producers,NG,Natural Gas,20.9,megawatts
2024,AK,Alaska,IPP,Independent Power Producers,NGGT,Natural Gas - GT,20.9,megawatts
2024,AK,Alaska,IPP,Independent Power Producers,OBM,Other Biomass,7.0,megawatts
2024,AK,Alaska,IPP,Independent Power Producers,PET,Petroleum,44.7,megawatts
2024,AK,Alaska,IPP,Independent Power Producers,PETIC,Petroleum - IC,44.7,megawatts
2024,AK,Alaska,IPP,Independent Power Producers,SOL,Solar,6.0,megawatts
2024,AK,Alaska,IPP,Independent Power Producers,SOLPV,Solar - PV,6.0,megawatts
2024,AK,Alaska,IPP,Independent Power Producers,WND,Wind,19.9,megawatts
2024,AK,Alaska,TOT,All sectors,ALL,All,2853.4,megawatts
2024,AK,Alaska,TOT,All sectors,BAT,Battery,131.7,megawatts
2024,AK,Alaska,TOT,All sectors,COL,Coal,167.9,megawatts
2024,AK,Alaska,TOT,All sectors,HYC,Hydroelectric,476.3,megawatts
2024,AK,Alaska,TOT,All sectors,NG,Natural Gas,1257.5,megawatts
2024,AK,Alaska,TOT,All sectors,NGCC,Natural Gas - CC,374.6,megawatts
2024,AK,Alaska,TOT,All sectors,NGGT,Natural Gas - GT,708.5,megawatts
2024,AK,Alaska,TOT,All sectors,NGIC,Natural Gas - IC,174.4,megawatts
2024,AK,Alaska,TOT,All sectors,OBM,Other Biomass,7.0,megawatts
2024,AK,Alaska,TOT,All sectors,OT,Other,3.1,megawatts
2024,AK,Alaska,TOT,All sectors,PET,Petroleum,743.2,megawatts
2024,AK,Alaska,TOT,All sectors,PETGT,Petroleum - GT,237.0,megawatts
2024,AK,Alaska,TOT,All sectors,PETIC,Petroleum - IC,455.2,megawatts
2024,AK,Alaska,TOT,All sectors,PETOTH,Petroleum - OTH,51.0,megawatts
2024,AK,Alaska,TOT,All sectors,SOL,Solar,7.7,megawatts
2024,AK,Alaska,TOT,All sectors,SOLPV,Solar - PV,7.7,megawatts
2024,AK,Alaska,TOT,All sectors,WND,Wind,59.0,megawatts
2024,AL,Alabama,EU,Electric Utilities,ALL,All,22836.9,megawatts
2024,AL,Alabama,EU,Electric Utilities,COL,Coal,4728.0,megawatts
2024,AL,Alabama,EU,Electric Utilities,HYC,Hydroelectric,3290.6,megawatts
2024,AL,Alabama,EU,Electric Utilities,NG,Natural Gas,9284.0,megawatts
2024,AL,Alabama,EU,Electric Utilities,NGCC,Natural Gas - CC,4442.7,megawatts
2024,AL,Alabama,EU,Electric Utilities,NGGT,Natural Gas - GT,3120.2,megawatts
2024,AL,Alabama,EU,Electric Utilities,NGOTH,Natural Gas - OTH,25.0,megawatts
2024,AL,Alabama,EU,Electric Utilities,NGST,Natural Gas - ST,1696.1,megawatts
2024,AL,Alabama,EU,Electric Utilities,NUC,Nuclear,5452.7,megawatts
2024,AL,Alabama,EU,Electric Utilities,PET,Petroleum,33.6,megawatts
2024,AL,Alabama,EU,Electric Utilities,PETGT,Petroleum - GT,16.0,megawatts
2024,AL,Alabama,EU,Electric Utilities,PETIC,Petroleum - IC,17.6,megawatts
2024,AL,Alabama,EU,Electric Utilities,SOL,Solar,48.0,megawatts
2024,AL,Alabama,EU,Electric Utilities,SOLPV,Solar - PV,48.0,megawatts
2024,AL,Alabama,IPP,Independent Power Producers,ALL,All,8158.8,megawatts
2024,AL,Alabama,IPP,Independent Power Producers,BAT,Battery,1.0,megawatts
2024,AL,Alabama,IPP,Independent Power Producers,NG,Natural Gas,6915.6,megawatts
2024,AL,Alabama,IPP,Independent Power Producers,NGCC,Natural Gas - CC,6695.6,megawatts
2024,AL,Alabama,IPP,Independent Power Producers,NGGT,Natural Gas - GT,164.6,megawatts
2024,AL,Alabama,IPP,Independent Power Producers,NGST,Natural Gas - ST,55.4,megawatts
2024,AL,Alabama,IPP,Independent Power Producers,OBM,Other Biomass,6.4,megawatts
2024,AL,Alabama,IPP,Independent Power Producers,OOG,Other Gas,3.8,megawatts
2024,AL,Alabama,IPP,Independent Power Producers,PET,Petroleum,9.0,megawatts
2024,AL,Alabama,IPP,Independent Power Producers,PETIC,Petroleum - IC,9.0,megawatts
2024,AL,Alabama,IPP,Independent Power Producers,SOL,Solar,615.5,megawatts
2024,AL,Alabama,IPP,Independent Power Producers,SOLPV,Solar - PV,615.5,megawatts
2024,AL,Alabama,IPP,Independent Power Producers,WOO,Wood,607.5,megawatts
2024,AL,Alabama,TOT,All sectors,ALL,All,30995.7,megawatts
2024,AL,Alabama,TOT,All sectors,BAT,Battery,1.0,megawatts
2024,AL,Alabama,TOT,All sectors,COL,Coal,4728.0,megawatts
2024,AL,Alabama,TOT,All sectors,HYC,Hydroelectric,3290.6,megawatts
2024,AL,Alabama,TOT,All sectors,NG,Natural Gas,16199.6,megawatts
2024,AL,Alabama,TOT,All sectors,NGCC,Natural Gas - CC,11138.3,megawatts
2024,AL,Alabama,TOT,All sectors,NGGT,Natural Gas - GT,3284.8,megawatts
2024,AL,Alabama,TOT,All sectors,NGOTH,Natural Gas - OTH,25.0,megawatts
2024,AL,Alabama,TOT,All sectors,NGST,Natural Gas - ST,1751.5,megawatts
2024,AL,Alabama,TOT,All sectors,NUC,Nuclear,5452.7,megawatts
2024,AL,Alabama,TOT,All sectors,OBM,Other Biomass,6.4,megawatts
2024,AL,Alabama,TOT,All sectors,OOG,Other Gas,3.8,megawatts
2024,AL,Alabama,TOT,All sectors,PET,Petroleum,42.6,megawatts
2024,AL,Alabama,TOT,All sectors,PETGT,Petroleum - GT,16.0,megawatts
2024,AL,Alabama,TOT,All sectors,PETIC,Petroleum - IC,26.6,megawatts
2024,AL,Alabama,TOT,All sectors,SOL,Solar,663.5,megawatts
2024,AL,Alabama,TOT,All sectors,SOLPV,Solar - PV,663.5,megawatts
2024,AL,Alabama,TOT,All sectors,WOO,Wood,607.5,megawatts
2024,AR,Arkansas,EU,Electric Utilities,ALL,All,13680.6,megawatts
2024,AR,Arkansas,EU,Electric Utilities,BAT,Battery,11.2,megawatts
2024,AR,Arkansas,EU,Electric Utilities,COL,Coal,4049.6,megawatts
2024,AR,Arkansas,EU,Electric Utilities,HPS,Pumped Storage,30.0,megawatts
2024,AR,Arkansas,EU,Electric Utilities,HYC,Hydroelectric,1251.1,megawatts
2024,AR,Arkansas,EU,Electric Utilities,NG,Natural Gas,5800.8,megawatts
2024,AR,Arkansas,EU,Electric Utilities,NGCC,Natural Gas - CC,4429.2,megawatts
2024,AR,Arkansas,EU,Electric Utilities,NGGT,Natural Gas - GT,697.6,megawatts
2024,AR,Arkansas,EU,Electric Utilities,NGIC,Natural Gas - IC,18.0,megawatts
2024,AR,Arkansas,EU,Electric Utilities,NGST,Natural Gas - ST,656.0,megawatts
2024,AR,Arkansas,EU,Electric Utilities,NUC,Nuclear,1821.0,megawatts
2024,AR,Arkansas,EU,Electric Utilities,PET,Petroleum,9.0,megawatts
2024,AR,Arkansas,EU,Electric Utilities,PETIC,Petroleum - IC,9.0,megawatts
2024,AR,Arkansas,EU,Electric Utilities,SOL,Solar,707.9,megawatts
2024,AR,Arkansas,EU,Electric Utilities,SOLPV,Solar - PV,707.9,megawatts
2024,AR,Arkansas,IPP,Independent Power Producers,ALL,All,2226.2,megawatts
2024,AR,Arkansas,IPP,Independent Power Producers,BAT,Battery,17.0,megawatts
2024,AR,Arkansas,IPP,Independent Power Producers,COL,Coal,680.0,megawatts
2024,AR,Arkansas,IPP,Independent Power Producers,HYC,Hydroelectric,13.4,megawatts
2024,AR,Arkansas,IPP,Independent Power Producers,NG,Natural Gas,213.5,megawatts
2024,AR,Arkansas,IPP,Independent Power Producers,NGCC,Natural Gas - CC,179.0,megawatts
2024,AR,Arkansas,IPP,Independent Power Producers,NGGT,Natural Gas - GT,5.2,megawatts
2024,AR,Arkansas,IPP,Independent Power Producers,NGIC,Natural Gas - IC,1.3,megawatts
2024,AR,Arkansas,IPP,Independent Power Producers,NGST,Natural Gas - ST,28.0,megawatts
2024,AR,Arkansas,IPP,Independent Power Producers,OBM,Other Biomass,8.8,megawatts
2024,AR,Arkansas,IPP,Independent Power Producers,SOL,Solar,1076.6,megawatts
2024,AR,Arkansas,IPP,Independent Power Producers,SOLPV,Solar - PV,1076.6,megawatts
2024,AR,Arkansas,IPP,Independent Power Producers,WOO,Wood,216.9,megawatts
2024,AR,Arkansas,TOT,All sectors,ALL,All,15906.8,megawatts
2024,AR,Arkansas,TOT,All sectors,BAT,Battery,28.2,megawatts
2024,AR,Arkansas,TOT,All sectors,COL,Coal,4729.6,megawatts
2024,AR,Arkansas,TOT,All sectors,HPS,Pumped Storage,30.0,megawatts
2024,AR,Arkansas,TOT,All sectors,HYC,Hydroelectric,1264.5,megawatts
2024,AR,Arkansas,TOT,All sectors,NG,Natural Gas,6014.3,megawatts
2024,AR,Arkansas,TOT,All sectors,NGCC,Natural Gas - CC,4608.2,megawatts
2024,AR,Arkansas,TOT,All sectors,NGGT,Natural Gas - GT,702.8,megawatts
2024,AR,Arkansas,TOT,All sectors,NGIC,Natural Gas - IC,19.3,megawatts
2024,AR,Arkansas,TOT,All sectors,NGST,Natural Gas - ST,684.0,megawatts
2024,AR,Arkansas,TOT,All sectors,NUC,Nuclear,1821.0,megawatts
2024,AR,Arkansas,TOT,All sectors,OBM,Other Biomass,8.8,megawatts
2024,AR,Arkansas,TOT,All sectors,PET,Petroleum,9.0,megawatts
2024,AR,Arkansas,TOT,All sectors,PETIC,Petroleum - IC,9.0,megawatts
2024,AR,Arkansas,TOT,All sectors,SOL,Solar,1784.5,megawatts
2024,AR,Arkansas,TOT,All sectors,SOLPV,Solar - PV,1784.5,megawatts
2024,AR,Arkansas,TOT,All sectors,WOO,Wood,216.9,megawatts
2024,AZ,Arizona,EU,Electric Utilities,ALL,All,21790.8,megawatts
2024,AZ,Arizona,EU,Electric Utilities,BAT,Battery,261.0,megawatts
2024,AZ,Arizona,EU,Electric Utilities,COL,Coal,2936.0,megawatts
2024,AZ,Arizona,EU,Electric Utilities,HPS,Pumped Storage,216.3,megawatts
2024,AZ,Arizona,EU,Electric Utilities,HYC,Hydroelectric,2720.6,megawatts
2024,AZ,Arizona,EU,Electric Utilities,NG,Natural Gas,11158.1,megawatts
2024,AZ,Arizona,EU,Electric Utilities,NGCC,Natural Gas - CC,6760.0,megawatts
2024,AZ,Arizona,EU,Electric Utilities,NGGT,Natural Gas - GT,3121.1,megawatts
2024,AZ,Arizona,EU,Electric Utilities,NGIC,Natural Gas - IC,182.0,megawatts
2024,AZ,Arizona,EU,Electric Utilities,NGST,Natural Gas - ST,1095.0,megawatts
2024,AZ,Arizona,EU,Electric Utilities,NUC,Nuclear,3937.0,megawatts
2024,AZ,Arizona,EU,Electric Utilities,PET,Petroleum,84.7,megawatts
2024,AZ,Arizona,EU,Electric Utilities,PETGT,Petroleum - GT,84.7,megawatts
2024,AZ,Arizona,EU,Electric Utilities,SOL,Solar,477.1,megawatts
2024,AZ,Arizona,EU,Electric Utilities,SOLPV,Solar - PV,477.1,megawatts
2024,AZ,Arizona,IPP,Independent Power Producers,ALL,All,11085.7,megawatts
2024,AZ,Arizona,IPP,Independent Power Producers,BAT,Battery,1860.0,megawatts
2024,AZ,Arizona,IPP,Independent Power Producers,NG,Natural Gas,3388.1,megawatts
2024,AZ,Arizona,IPP,Independent Power Producers,NGCC,Natural Gas - CC,3378.6,megawatts
2024,AZ,Arizona,IPP,Independent Power Producers,NGGT,Natural Gas - GT,7.9,megawatts
2024,AZ,Arizona,IPP,Independent Power Producers,NGIC,Natural Gas - IC,1.6,megawatts
2024,AZ,Arizona,IPP,Independent Power Producers,OBM,Other Biomass,3.2,megawatts
2024,AZ,Arizona,IPP,Independent Power Producers,PET,Petroleum,1.5,megawatts
2024,AZ,Arizona,IPP,Independent Power Producers,PETIC,Petroleum - IC,1.5,megawatts
2024,AZ,Arizona,IPP,Independent Power Producers,SOL,Solar,4573.7,megawatts
2024,AZ,Arizona,IPP,Independent Power Producers,SOLPV,Solar - PV,4278.1,megawatts
2024,AZ,Arizona,IPP,Independent Power Producers,SOLTH,Solar - TH,295.6,megawatts
2024,AZ,Arizona,IPP,Independent Power Producers,WND,Wind,1234.5,megawatts
2024,AZ,Arizona,IPP,Independent Power Producers,WOO,Wood,24.7,megawatts
2024,AZ,Arizona,TOT,All sectors,ALL,All,32876.5,megawatts
2024,AZ,Arizona,TOT,All sectors,BAT,Battery,2121.0,megawatts
2024,AZ,Arizona,TOT,All sectors,COL,Coal,2936.0,megawatts
2024,AZ,Arizona,TOT,All sectors,HPS,Pumped Storage,216.3,megawatts
2024,AZ,Arizona,TOT,All sectors,HYC,Hydroelectric,2720.6,megawatts
2024,AZ,Arizona,TOT,All sectors,NG,Natural Gas,14546.2,megawatts
2024,AZ,Arizona,TOT,All sectors,NGCC,Natural Gas - CC,10138.6,megawatts
2024,AZ,Arizona,TOT,All sectors,NGGT,Natural Gas - GT,3129.0,megawatts
2024,AZ,Arizona,TOT,All sectors,NGIC,Natural Gas - IC,183.6,megawatts
2024,AZ,Arizona,TOT,All sectors,NGST,Natural Gas - ST,1095.0,megawatts
2024,AZ,Arizona,TOT,All sectors,NUC,Nuclear,3937.0,megawatts
2024,AZ,Arizona,TOT,All sectors,OBM,Other Biomass,3.2,megawatts
2024,AZ,Arizona,TOT,All sectors,PET,Petroleum,86.2,megawatts
2024,AZ,Arizona,TOT,All sectors,PETGT,Petroleum - GT,84.7,megawatts
2024,AZ,Arizona,TOT,All sectors,PETIC,Petroleum - IC,1.5,megawatts
2024,AZ,Arizona,TOT,All sectors,SOL,Solar,5050.8,megawatts
2024,AZ,Arizona,TOT,All sectors,SOLPV,Solar - PV,4755.2,megawatts
2024,AZ,Arizona,TOT,All sectors,SOLTH,Solar - TH,295.6,megawatts
2024,AZ,Arizona,TOT,All sectors,WND,Wind,1234.5,megawatts
2024,AZ,Arizona,TOT,All sectors,WOO,Wood,24.7,megawatts
2024,CA,California,EU,Electric Utilities,ALL,All,29003.5,megawatts
2024,CA,California,EU,Electric Utilities,BAT,Battery,807.1,megawatts
2024,CA,California,EU,Electric Utilities,GEO,Geothermal,125.0,megawatts
2024,CA,California,EU,Electric Utilities,HPS,Pumped Storage,3869.9,megawatts
2024,CA,California,EU,Electric Utilities,HYC,Hydroelectric,9649.3,megawatts
2024,CA,California,EU,Electric Utilities,NG,Natural Gas,11526.7,megawatts
2024,CA,California,EU,Electric Utilities,NGCC,Natural Gas - CC,7136.7,megawatts
2024,CA,California,EU,Electric Utilities,NGGT,Natural Gas - GT,3289.9,megawatts
2024,CA,California,EU,Electric Utilities,NGIC,Natural Gas - IC,228.2,megawatts
2024,CA,California,EU,Electric Utilities,NGST,Natural Gas - ST,871.9,megawatts
2024,CA,California,EU,Electric Utilities,NUC,Nuclear,2240.0,megawatts
2024,CA,California,EU,Electric Utilities,PET,Petroleum,116.3,megawatts
2024,CA,California,EU,Electric Utilities,PETGT,Petroleum - GT,76.9,megawatts
2024,CA,California,EU,Electric Utilities,PETIC,Petroleum - IC,39.4,megawatts
2024,CA,California,EU,Electric Utilities,SOL,Solar,233.7,megawatts
2024,CA,California,EU,Electric Utilities,SOLPV,Solar - PV,233.7,megawatts
2024,CA,California,EU,Electric Utilities,WND,Wind,435.5,megawatts
2024,CA,California,IPP,Independent Power Producers,ALL,All,67769.7,megawatts
2024,CA,California,IPP,Independent Power Producers,BAT,Battery,10910.2,megawatts
2024,CA,California,IPP,Independent Power Producers,COL,Coal,57.0,megawatts
2024,CA,California,IPP,Independent Power Producers,GEO,Geothermal,1756.2,megawatts
2024,CA,California,IPP,Independent Power Producers,HYC,Hydroelectric,564.3,megawatts
2024,CA,California,IPP,Independent Power Producers,NG,Natural Gas,24802.4,megawatts
2024,CA,California,IPP,Independent Power Producers,NGCC,Natural Gas - CC,13275.9,megawatts
2024,CA,California,IPP,Independent Power Producers,NGGT,Natural Gas - GT,8216.4,megawatts
2024,CA,California,IPP,Independent Power Producers,NGIC,Natural Gas - IC,297.9,megawatts
2024,CA,California,IPP,Independent Power Producers,NGOTH,Natural Gas - OTH,140.1,megawatts
2024,CA,California,IPP,Independent Power Producers,NGST,Natural Gas - ST,2872.1,megawatts
2024,CA,California,IPP,Independent Power Producers,OBM,Other Biomass,437.5,megawatts
2024,CA,California,IPP,Independent Power Producers,OOG,Other Gas,212.5,megawatts
2024,CA,California,IPP,Independent Power Producers,OT,Other,91.2,megawatts
2024,CA,California,IPP,Independent Power Producers,PET,Petroleum,325.9,megawatts
2024,CA,California,IPP,Independent Power Producers,PETGT,Petroleum - GT,110.0,megawatts
2024,CA,California,IPP,Independent Power Producers,PETIC,Petroleum - IC,215.9,megawatts
2024,CA,California,IPP,Independent Power Producers,SOL,Solar,22049.3,megawatts
2024,CA,California,IPP,Independent Power Producers,SOLPV,Solar - PV,21131.5,megawatts
2024,CA,California,IPP,Independent Power Producers,SOLTH,Solar - TH,917.8,megawatts
2024,CA,California,IPP,Independent Power Producers,WND,Wind,6021.3,megawatts
2024,CA,California,IPP,Independent Power Producers,WOO,Wood,541.9,megawatts
2024,CA,California,TOT,All sectors,ALL,All,96773.2,megawatts
2024,CA,California,TOT,All sectors,BAT,Battery,11717.3,megawatts
2024,CA,California,TOT,All sectors,COL,Coal,57.0,megawatts
2024,CA,California,TOT,All sectors,GEO,Geothermal,1881.2,megawatts
2024,CA,California,TOT,All sectors,HPS,Pumped Storage,3869.9,megawatts
2024,CA,California,TOT,All sectors,HYC,Hydroelectric,10213.6,megawatts
2024,CA,California,TOT,All sectors,NG,Natural Gas,36329.1,megawatts
2024,CA,California,TOT,All sectors,NGCC,Natural Gas - CC,20412.6,megawatts
2024,CA,California,TOT,All sectors,NGGT,Natural Gas - GT,11506.3,megawatts
2024,CA,California,TOT,All sectors,NGIC,Natural Gas - IC,526.1,megawatts
2024,CA,California,TOT,All sectors,NGOTH,Natural Gas - OTH,140.1,megawatts
2024,CA,California,TOT,All sectors,NGST,Natural Gas - ST,3744.0,megawatts
2024,CA,California,TOT,All sectors,NUC,Nuclear,2240.0,megawatts
2024,CA,California,TOT,All sectors,OBM,Other Biomass,437.5,megawatts
2024,CA,California,TOT,All sectors,OOG,Other Gas,212.5,megawatts
2024,CA,California,TOT,All sectors,OT,Other,91.2,megawatts
2024,CA,California,TOT,All sectors,PET,Petroleum,442.2,megawatts
2024,CA,California,TOT,All sectors,PETGT,Petroleum - GT,186.9,megawatts
2024,CA,California,TOT,All sectors,PETIC,Petroleum - IC,255.3,megawatts
2024,CA,California,TOT,All sectors,SOL,Solar,22283.0,megawatts
2024,CA,California,TOT,All sectors,SOLPV,Solar - PV,21365.2,megawatts
2024,CA,California,TOT,All sectors,SOLTH,Solar - TH,917.8,megawatts
2024,CA,California,TOT,All sectors,WND,Wind,6456.8,megawatts
2024,CA,California,TOT,All sectors,WOO,Wood,541.9,megawatts
2024,CO,Colorado,EU,Electric Utilities,ALL,All,11287.2,megawatts
2024,CO,Colorado,EU,Electric Utilities,BAT,Battery,82.4,megawatts
2024,CO,Colorado,EU,Electric Utilities,COL,Coal,3786.0,megawatts
2024,CO,Colorado,EU,Electric Utilities,HPS,Pumped Storage,578.5,megawatts
2024,CO,Colorado,EU,Electric Utilities,HYC,Hydroelectric,609.7,megawatts
2024,CO,Colorado,EU,Electric Utilities,NG,Natural Gas,4917.8,megawatts
2024,CO,Colorado,EU,Electric Utilities,NGCC,Natural Gas - CC,2642.0,megawatts
2024,CO,Colorado,EU,Electric Utilities,NGGT,Natural Gas - GT,1908.0,megawatts
2024,CO,Colorado,EU,Electric Utilities,NGIC,Natural Gas - IC,3.8,megawatts
2024,CO,Colorado,EU,Electric Utilities,NGST,Natural Gas - ST,364.0,megawatts
2024,CO,Colorado,EU,Electric Utilities,PET,Petroleum,148.1,megawatts
2024,CO,Colorado,EU,Electric Utilities,PETGT,Petroleum - GT,100.0,megawatts
2024,CO,Colorado,EU,Electric Utilities,PETIC,Petroleum - IC,48.1,megawatts
2024,CO,Colorado,EU,Electric Utilities,SOL,Solar,8.5,megawatts
2024,CO,Colorado,EU,Electric Utilities,SOLPV,Solar - PV,8.5,megawatts
2024,CO,Colorado,EU,Electric Utilities,WND,Wind,1156.2,megawatts
2024,CO,Colorado,IPP,Independent Power Producers,ALL,All,8529.4,megawatts
2024,CO,Colorado,IPP,Independent Power Producers,BAT,Battery,263.9,megawatts
2024,CO,Colorado,IPP,Independent Power Producers,HYC,Hydroelectric,83.5,megawatts
2024,CO,Colorado,IPP,Independent Power Producers,NG,Natural Gas,1606.1,megawatts
2024,CO,Colorado,IPP,Independent Power Producers,NGCC,Natural Gas - CC,608.5,megawatts
2024,CO,Colorado,IPP,Independent Power Producers,NGGT,Natural Gas - GT,729.2,megawatts
2024,CO,Colorado,IPP,Independent Power Producers,NGIC,Natural Gas - IC,225.4,megawatts
2024,CO,Colorado,IPP,Independent Power Producers,NGST,Natural Gas - ST,43.0,megawatts
2024,CO,Colorado,IPP,Independent Power Producers,OBM,Other Biomass,16.1,megawatts
2024,CO,Colorado,IPP,Independent Power Producers,OT,Other,6.1,megawatts
2024,CO,Colorado,IPP,Independent Power Producers,PET,Petroleum,2.4,megawatts
2024,CO,Colorado,IPP,Independent Power Producers,PETIC,Petroleum - IC,2.4,megawatts
2024,CO,Colorado,IPP,Independent Power Producers,SOL,Solar,2358.2,megawatts
2024,CO,Colorado,IPP,Independent Power Producers,SOLPV,Solar - PV,2358.2,megawatts
2024,CO,Colorado,IPP,Independent Power Producers,WND,Wind,4180.5,megawatts
2024,CO,Colorado,IPP,Independent Power Producers,WOO,Wood,12.6,megawatts
2024,CO,Colorado,TOT,All sectors,ALL,All,19816.6,megawatts
2024,CO,Colorado,TOT,All sectors,BAT,Battery,346.3,megawatts
2024,CO,Colorado,TOT,All sectors,COL,Coal,3786.0,megawatts
2024,CO,Colorado,TOT,All sectors,HPS,Pumped Storage,578.5,megawatts
2024,CO,Colorado,TOT,All sectors,HYC,Hydroelectric,693.2,megawatts
2024,CO,Colorado,TOT,All sectors,NG,Natural Gas,6523.9,megawatts
2024,CO,Colorado,TOT,All sectors,NGCC,Natural Gas - CC,3250.5,megawatts
2024,CO,Colorado,TOT,All sectors,NGGT,Natural Gas - GT,2637.2,megawatts
2024,CO,Colorado,TOT,All sectors,NGIC,Natural Gas - IC,229.2,megawatts
2024,CO,Colorado,TOT,All sectors,NGST,Natural Gas - ST,407.0,megawatts
2024,CO,Colorado,TOT,All sectors,OBM,Other Biomass,16.1,megawatts
2024,CO,Colorado,TOT,All sectors,OT,Other,6.1,megawatts
2024,CO,Colorado,TOT,All sectors,PET,Petroleum,150.5,megawatts
2024,CO,Colorado,TOT,All sectors,PETGT,Petroleum - GT,100.0,megawatts
2024,CO,Colorado,TOT,All sectors,PETIC,Petroleum - IC,50.5,megawatts
2024,CO,Colorado,TOT,All sectors,SOL,Solar,2366.7,megawatts
2024,CO,Colorado,TOT,All sectors,SOLPV,Solar - PV,2366.7,megawatts
2024,CO,Colorado,TOT,All sectors,WND,Wind,5336.7,megawatts
2024,CO,Colorado,TOT,All sectors,WOO,Wood,12.6,megawatts
2024,CT,Connecticut,EU,Electric Utilities,ALL,All,153.4,megawatts
2024,CT,Connecticut,EU,Electric Utilities,HYC,Hydroelectric,9.0,megawatts
2024,CT,Connecticut,EU,Electric Utilities,NG,Natural Gas,88.7,megawatts
2024,CT,Connecticut,EU,Electric Utilities,NGGT,Natural Gas - GT,74.1,megawatts
2024,CT,Connecticut,EU,Electric Utilities,NGOTH,Natural Gas - OTH,14.6,megawatts
2024,CT,Connecticut,EU,Electric Utilities,PET,Petroleum,53.5,megawatts
2024,CT,Connecticut,EU,Electric Utilities,PETIC,Petroleum - IC,53.5,megawatts
2024,CT,Connecticut,EU,Electric Utilities,SOL,Solar,2.2,megawatts
2024,CT,Connecticut,EU,Electric Utilities,SOLPV,Solar - PV,2.2,megawatts
2024,CT,Connecticut,IPP,Independent Power Producers,ALL,All,9840.7,megawatts
2024,CT,Connecticut,IPP,Independent Power Producers,BAT,Battery,1.6,megawatts
2024,CT,Connecticut,IPP,Independent Power Producers,HPS,Pumped Storage,29.4,megawatts
2024,CT,Connecticut,IPP,Independent Power Producers,HYC,Hydroelectric,110.2,megawatts
2024,CT,Connecticut,IPP,Independent Power Producers,NG,Natural Gas,4974.6,megawatts
2024,CT,Connecticut,IPP,Independent Power Producers,NGCC,Natural Gas - CC,3901.0,megawatts
2024,CT,Connecticut,IPP,Independent Power Producers,NGGT,Natural Gas - GT,517.7,megawatts
2024,CT,Connecticut,IPP,Independent Power Producers,NGIC,Natural Gas - IC,15.7,megawatts
2024,CT,Connecticut,IPP,Independent Power Producers,NGOTH,Natural Gas - OTH,83.1,megawatts
2024,CT,Connecticut,IPP,Independent Power Producers,NGST,Natural Gas - ST,457.1,megawatts
2024,CT,Connecticut,IPP,Independent Power Producers,NUC,Nuclear,2104.2,megawatts
2024,CT,Connecticut,IPP,Independent Power Producers,OBM,Other Biomass,102.1,megawatts
2024,CT,Connecticut,IPP,Independent Power Producers,PET,Petroleum,2156.0,megawatts
2024,CT,Connecticut,IPP,Independent Power Producers,PETGT,Petroleum - GT,895.7,megawatts
2024,CT,Connecticut,IPP,Independent Power Producers,PETIC,Petroleum - IC,17.7,megawatts
2024,CT,Connecticut,IPP,Independent Power Producers,PETST,Petroleum - ST,1242.6,megawatts
2024,CT,Connecticut,IPP,Independent Power Producers,SOL,Solar,320.1,megawatts
2024,CT,Connecticut,IPP,Independent Power Producers,SOLPV,Solar - PV,320.1,megawatts
2024,CT,Connecticut,IPP,Independent Power Producers,WND,Wind,5.0,megawatts
2024,CT,Connecticut,IPP,Independent Power Producers,WOO,Wood,37.5,megawatts
2024,CT,Connecticut,TOT,All sectors,ALL,All,9994.1,megawatts
2024,CT,Connecticut,TOT,All sectors,BAT,Battery,1.6,megawatts
2024,CT,Connecticut,TOT,All sectors,HPS,Pumped Storage,29.4,megawatts
2024,CT,Connecticut,TOT,All sectors,HYC,Hydroelectric,119.2,megawatts
2024,CT,Connecticut,TOT,All sectors,NG,Natural Gas,5063.3,megawatts
2024,CT,Connecticut,TOT,All sectors,NGCC,Natural Gas - CC,3901.0,megawatts
2024,CT,Connecticut,TOT,All sectors,NGGT,Natural Gas - GT,591.8,megawatts
2024,CT,Connecticut,TOT,All sectors,NGIC,Natural Gas - IC,15.7,megawatts
2024,CT,Connecticut,TOT,All sectors,NGOTH,Natural Gas - OTH,97.7,megawatts
2024,CT,Connecticut,TOT,All sectors,NGST,Natural Gas - ST,457.1,megawatts
2024,CT,Connecticut,TOT,All sectors,NUC,Nuclear,2104.2,megawatts
2024,CT,Connecticut,TOT,All sectors,OBM,Other Biomass,102.1,megawatts
2024,CT,Connecticut,TOT,All sectors,PET,Petroleum,2209.5,megawatts
2024,CT,Connecticut,TOT,All sectors,PETGT,Petroleum - GT,895.7,megawatts
2024,CT,Connecticut,TOT,All sectors,PETIC,Petroleum - IC,71.2,megawatts
2024,CT,Connecticut,TOT,All sectors,PETST,Petroleum - ST,1242.6,megawatts
2024,CT,Connecticut,TOT,All sectors,SOL,Solar,322.3,megawatts
2024,CT,Connecticut,TOT,All sectors,SOLPV,Solar - PV,322.3,megawatts
2024,CT,Connecticut,TOT,All sectors,WND,Wind,5.0,megawatts
2024,CT,Connecticut,TOT,All sectors,WOO,Wood,37.5,megawatts
2024,DC,District of Columbia,EU,Electric Utilities,ALL,All,2.0,megawatts
2024,DC,District of Columbia,EU,Electric Utilities,SOL,Solar,2.0,megawatts
2024,DC,District of Columbia,EU,Electric Utilities,SOLPV,Solar - PV,2.0,megawatts
2024,DC,District of Columbia,IPP,Independent Power Producers,ALL,All,59.8,megawatts
2024,DC,District of Columbia,IPP,Independent Power Producers,NG,Natural Gas,20.6,megawatts
2024,DC,District of Columbia,IPP,Independent Power Producers,NGGT,Natural Gas - GT,20.6,megawatts
2024,DC,District of Columbia,IPP,Independent Power Producers,OBM,Other Biomass,12.0,megawatts
2024,DC,District of Columbia,IPP,Independent Power Producers,SOL,Solar,27.2,megawatts
2024,DC,District of Columbia,IPP,Independent Power Producers,SOLPV,Solar - PV,27.2,megawatts
2024,DC,District of Columbia,TOT,All sectors,ALL,All,61.8,megawatts
2024,DC,District of Columbia,TOT,All sectors,NG,Natural Gas,20.6,megawatts
2024,DC,District of Columbia,TOT,All sectors,NGGT,Natural Gas - GT,20.6,megawatts
2024,DC,District of Columbia,TOT,All sectors,OBM,Other Biomass,12.0,megawatts
2024,DC,District of Columbia,TOT,All sectors,SOL,Solar,29.2,megawatts
2024,DC,District of Columbia,TOT,All sectors,SOLPV,Solar - PV,29.2,megawatts
2024,DE,Delaware,EU,Electric Utilities,ALL,All,101.9,megawatts
2024,DE,Delaware,EU,Electric Utilities,NG,Natural Gas,98.0,megawatts
2024,DE,Delaware,EU,Electric Utilities,NGGT,Natural Gas - GT,98.0,megawatts
2024,DE,Delaware,EU,Electric Utilities,SOL,Solar,3.9,megawatts
2024,DE,Delaware,EU,Electric Utilities,SOLPV,Solar - PV,3.9,megawatts
2024,DE,Delaware,IPP,Independent Power Producers,ALL,All,3201.1,megawatts
2024,DE,Delaware,IPP,Independent Power Producers,COL,Coal,410.0,megawatts
2024,DE,Delaware,IPP,Independent Power Producers,NG,Natural Gas,2435.8,megawatts
2024,DE,Delaware,IPP,Independent Power Producers,NGCC,Natural Gas - CC,1496.0,megawatts
2024,DE,Delaware,IPP,Independent Power Producers,NGGT,Natural Gas - GT,216.0,megawatts
2024,DE,Delaware,IPP,Independent Power Producers,NGOTH,Natural Gas - OTH,28.8,megawatts
2024,DE,Delaware,IPP,Independent Power Producers,NGST,Natural Gas - ST,695.0,megawatts
2024,DE,Delaware,IPP,Independent Power Producers,OBM,Other Biomass,14.2,megawatts
2024,DE,Delaware,IPP,Independent Power Producers,OOG,Other Gas,135.0,megawatts
2024,DE,Delaware,IPP,Independent Power Producers,PET,Petroleum,111.1,megawatts
2024,DE,Delaware,IPP,Independent Power Producers,PETGT,Petroleum - GT,111.1,megawatts
2024,DE,Delaware,IPP,Independent Power Producers,SOL,Solar,93.0,megawatts
2024,DE,Delaware,IPP,Independent Power Producers,SOLPV,Solar - PV,93.0,megawatts
2024,DE,Delaware,IPP,Independent Power Producers,WND,Wind,2.0,megawatts
2024,DE,Delaware,TOT,All sectors,ALL,All,3303.0,megawatts
2024,DE,Delaware,TOT,All sectors,COL,Coal,410.0,megawatts
2024,DE,Delaware,TOT,All sectors,NG,Natural Gas,2533.8,megawatts
2024,DE,Delaware,TOT,All sectors,NGCC,Natural Gas - CC,1496.0,megawatts
2024,DE,Delaware,TOT,All sectors,NGGT,Natural Gas - GT,314.0,megawatts
2024,DE,Delaware,TOT,All sectors,NGOTH,Natural Gas - OTH,28.8,megawatts
2024,DE,Delaware,TOT,All sectors,NGST,Natural Gas - ST,695.0,megawatts
2024,DE,Delaware,TOT,All sectors,OBM,Other Biomass,14.2,megawatts
2024,DE,Delaware,TOT,All sectors,OOG,Other Gas,135.0,megawatts
2024,DE,Delaware,TOT,All sectors,PET,Petroleum,111.1,megawatts
2024,DE,Delaware,TOT,All sectors,PETGT,Petroleum - GT,111.1,megawatts
2024,DE,Delaware,TOT,All sectors,SOL,Solar,96.9,megawatts
2024,DE,Delaware,TOT,All sectors,SOLPV,Solar - PV,96.9,megawatts
2024,DE,Delaware,TOT,All sectors,WND,Wind,2.0,megawatts
2024,FL,Florida,EU,Electric Utilities,ALL,All,65925.2,megawatts
2024,FL,Florida,EU,Electric Utilities,BAT,Battery,570.7,megawatts
2024,FL,Florida,EU,Electric Utilities,COL,Coal,3564.7,megawatts
2024,FL,Florida,EU,Electric Utilities,HYC,Hydroelectric,43.5,megawatts
2024,FL,Florida,EU,Electric Utilities,NG,Natural Gas,46504.9,megawatts
2024,FL,Florida,EU,Electric Utilities,NGCC,Natural Gas - CC,34363.2,megawatts
2024,FL,Florida,EU,Electric Utilities,NGGT,Natural Gas - GT,6521.1,megawatts
2024,FL,Florida,EU,Electric Utilities,NGIC,Natural Gas - IC,201.7,megawatts
2024,FL,Florida,EU,Electric Utilities,NGST,Natural Gas - ST,5418.9,megawatts
2024,FL,Florida,EU,Electric Utilities,NUC,Nuclear,3666.0,megawatts
2024,FL,Florida,EU,Electric Utilities,OBM,Other Biomass,3.0,megawatts
2024,FL,Florida,EU,Electric Utilities,PET,Petroleum,1594.9,megawatts
2024,FL,Florida,EU,Electric Utilities,PETGT,Petroleum - GT,1499.5,megawatts
2024,FL,Florida,EU,Electric Utilities,PETIC,Petroleum - IC,95.4,megawatts
2024,FL,Florida,EU,Electric Utilities,SOL,Solar,9875.0,megawatts
2024,FL,Florida,EU,Electric Utilities,SOLPV,Solar - PV,9875.0,megawatts
2024,FL,Florida,EU,Electric Utilities,WOO,Wood,102.5,megawatts
2024,FL,Florida,IPP,Independent Power Producers,ALL,All,6086.7,megawatts
2024,FL,Florida,IPP,Independent Power Producers,BAT,Battery,5.0,megawatts
2024,FL,Florida,IPP,Independent Power Producers,NG,Natural Gas,3804.5,megawatts
2024,FL,Florida,IPP,Independent Power Producers,NGCC,Natural Gas - CC,1456.5,megawatts
2024,FL,Florida,IPP,Independent Power Producers,NGGT,Natural Gas - GT,2270.3,megawatts
2024,FL,Florida,IPP,Independent Power Producers,NGIC,Natural Gas - IC,41.7,megawatts
2024,FL,Florida,IPP,Independent Power Producers,NGST,Natural Gas - ST,36.0,megawatts
2024,FL,Florida,IPP,Independent Power Producers,OBM,Other Biomass,618.8,megawatts
2024,FL,Florida,IPP,Independent Power Producers,OT,Other,312.9,megawatts
2024,FL,Florida,IPP,Independent Power Producers,PET,Petroleum,2.0,megawatts
2024,FL,Florida,IPP,Independent Power Producers,PETIC,Petroleum - IC,2.0,megawatts
2024,FL,Florida,IPP,Independent Power Producers,SOL,Solar,1075.8,megawatts
2024,FL,Florida,IPP,Independent Power Producers,SOLPV,Solar - PV,1075.8,megawatts
2024,FL,Florida,IPP,Independent Power Producers,WOO,Wood,267.7,megawatts
2024,FL,Florida,TOT,All sectors,ALL,All,72011.9,megawatts
2024,FL,Florida,TOT,All sectors,BAT,Battery,575.7,megawatts
2024,FL,Florida,TOT,All sectors,COL,Coal,3564.7,megawatts
2024,FL,Florida,TOT,All sectors,HYC,Hydroelectric,43.5,megawatts
2024,FL,Florida,TOT,All sectors,NG,Natural Gas,50309.4,megawatts
2024,FL,Florida,TOT,All sectors,NGCC,Natural Gas - CC,35819.7,megawatts
2024,FL,Florida,TOT,All sectors,NGGT,Natural Gas - GT,8791.4,megawatts
2024,FL,Florida,TOT,All sectors,NGIC,Natural Gas - IC,243.4,megawatts
2024,FL,Florida,TOT,All sectors,NGST,Natural Gas - ST,5454.9,megawatts
2024,FL,Florida,TOT,All sectors,NUC,Nuclear,3666.0,megawatts
2024,FL,Florida,TOT,All sectors,OBM,Other Biomass,621.8,megawatts
2024,FL,Florida,TOT,All sectors,OT,Other,312.9,megawatts
2024,FL,Florida,TOT,All sectors,PET,Petroleum,1596.9,megawatts
2024,FL,Florida,TOT,All sectors,PETGT,Petroleum - GT,1499.5,megawatts
2024,FL,Florida,TOT,All sectors,PETIC,Petroleum - IC,97.4,megawatts
2024,FL,Florida,TOT,All sectors,SOL,Solar,10950.8,megawatts
2024,FL,Florida,TOT,All sectors,SOLPV,Solar - PV,10950.8,megawatts
2024,FL,Florida,TOT,All sectors,WOO,Wood,370.2,megawatts
2024,GA,Georgia,EU,Electric Utilities,ALL,All,28096.1,megawatts
2024,GA,Georgia,EU,Electric Utilities,BAT,Battery,65.2,megawatts
2024,GA,Georgia,EU,Electric Utilities,COL,Coal,5780.0,megawatts
2024,GA,Georgia,EU,Electric Utilities,HPS,Pumped Storage,1897.4,megawatts
2024,GA,Georgia,EU,Electric Utilities,HYC,Hydroelectric,1976.4,megawatts
2024,GA,Georgia,EU,Electric Utilities,NG,Natural Gas,10810.1,megawatts
2024,GA,Georgia,EU,Electric Utilities,NGCC,Natural Gas - CC,6603.0,megawatts
2024,GA,Georgia,EU,Electric Utilities,NGGT,Natural Gas - GT,3482.5,megawatts
2024,GA,Georgia,EU,Electric Utilities,NGIC,Natural Gas - IC,0.4,megawatts
2024,GA,Georgia,EU,Electric Utilities,NGOTH,Natural Gas - OTH,0.2,megawatts
2024,GA,Georgia,EU,Electric Utilities,NGST,Natural Gas - ST,724.0,megawatts
2024,GA,Georgia,EU,Electric Utilities,NUC,Nuclear,6289.0,megawatts
2024,GA,Georgia,EU,Electric Utilities,PET,Petroleum,938.1,megawatts
2024,GA,Georgia,EU,Electric Utilities,PETGT,Petroleum - GT,933.0,megawatts
2024,GA,Georgia,EU,Electric Utilities,PETIC,Petroleum - IC,5.1,megawatts
2024,GA,Georgia,EU,Electric Utilities,SOL,Solar,339.9,megawatts
2024,GA,Georgia,EU,Electric Utilities,SOLPV,Solar - PV,339.9,megawatts
2024,GA,Georgia,IPP,Independent Power Producers,ALL,All,11649.9,megawatts
2024,GA,Georgia,IPP,Independent Power Producers,BAT,Battery,81.0,megawatts
2024,GA,Georgia,IPP,Independent Power Producers,HYC,Hydroelectric,8.6,megawatts
2024,GA,Georgia,IPP,Independent Power Producers,NG,Natural Gas,5576.9,megawatts
2024,GA,Georgia,IPP,Independent Power Producers,NGCC,Natural Gas - CC,1487.8,megawatts
2024,GA,Georgia,IPP,Independent Power Producers,NGGT,Natural Gas - GT,3963.6,megawatts
2024,GA,Georgia,IPP,Independent Power Producers,NGIC,Natural Gas - IC,6.6,megawatts
2024,GA,Georgia,IPP,Independent Power Producers,NGST,Natural Gas - ST,118.9,megawatts
2024,GA,Georgia,IPP,Independent Power Producers,OBM,Other Biomass,55.8,megawatts
2024,GA,Georgia,IPP,Independent Power Producers,PET,Petroleum,253.4,megawatts
2024,GA,Georgia,IPP,Independent Power Producers,PETGT,Petroleum - GT,74.0,megawatts
2024,GA,Georgia,IPP,Independent Power Producers,PETIC,Petroleum - IC,95.6,megawatts
2024,GA,Georgia,IPP,Independent Power Producers,PETST,Petroleum - ST,83.8,megawatts
2024,GA,Georgia,IPP,Independent Power Producers,SOL,Solar,4662.9,megawatts
2024,GA,Georgia,IPP,Independent Power Producers,SOLPV,Solar - PV,4662.9,megawatts
2024,GA,Georgia,IPP,Independent Power Producers,WOO,Wood,1011.3,megawatts
2024,GA,Georgia,TOT,All sectors,ALL,All,39746.0,megawatts
2024,GA,Georgia,TOT,All sectors,BAT,Battery,146.2,megawatts
2024,GA,Georgia,TOT,All sectors,COL,Coal,5780.0,megawatts
2024,GA,Georgia,TOT,All sectors,HPS,Pumped Storage,1897.4,megawatts
2024,GA,Georgia,TOT,All sectors,HYC,Hydroelectric,1985.0,megawatts
2024,GA,Georgia,TOT,All sectors,NG,Natural Gas,16387.0,megawatts
2024,GA,Georgia,TOT,All sectors,NGCC,Natural Gas - CC,8090.8,megawatts
2024,GA,Georgia,TOT,All sectors,NGGT,Natural Gas - GT,7446.1,megawatts
2024,GA,Georgia,TOT,All sectors,NGIC,Natural Gas - IC,7.0,megawatts
2024,GA,Georgia,TOT,All sectors,NGOTH,Natural Gas - OTH,0.2,megawatts
2024,GA,Georgia,TOT,All sectors,NGST,Natural Gas - ST,842.9,megawatts
2024,GA,Georgia,TOT,All sectors,NUC,Nuclear,6289.0,megawatts
2024,GA,Georgia,TOT,All sectors,OBM,Other Biomass,55.8,megawatts
2024,GA,Georgia,TOT,All sectors,PET,Petroleum,1191.5,megawatts
2024,GA,Georgia,TOT,All sectors,PETGT,Petroleum - GT,1007.0,megawatts
2024,GA,Georgia,TOT,All sectors,PETIC,Petroleum - IC,100.7,megawatts
2024,GA,Georgia,TOT,All sectors,PETST,Petroleum - ST,83.8,megawatts
2024,GA,Georgia,TOT,All sectors,SOL,Solar,5002.8,megawatts
2024,GA,Georgia,TOT,All sectors,SOLPV,Solar - PV,5002.8,megawatts
2024,GA,Georgia,TOT,All sectors,WOO,Wood,1011.3,megawatts
2024,HI,Hawaii,EU,Electric Utilities,ALL,All,1803.3,megawatts
2024,HI,Hawaii,EU,Electric Utilities,BAT,Battery,2.0,megawatts
2024,HI,Hawaii,EU,Electric Utilities,HYC,Hydroelectric,4.1,megawatts
2024,HI,Hawaii,EU,Electric Utilities,OBM,Other Biomass,60.4,megawatts
2024,HI,Hawaii,EU,Electric Utilities,PET,Petroleum,1692.8,megawatts
2024,HI,Hawaii,EU,Electric Utilities,PETGT,Petroleum - GT,331.8,megawatts
2024,HI,Hawaii,EU,Electric Utilities,PETIC,Petroleum - IC,184.0,megawatts
2024,HI,Hawaii,EU,Electric Utilities,PETOTH,Petroleum - OTH,158.8,megawatts
2024,HI,Hawaii,EU,Electric Utilities,PETST,Petroleum - ST,1018.2,megawatts
2024,HI,Hawaii,EU,Electric Utilities,SOL,Solar,44.0,megawatts
2024,HI,Hawaii,EU,Electric Utilities,SOLPV,Solar - PV,44.0,megawatts
2024,HI,Hawaii,IPP,Independent Power Producers,ALL,All,1566.0,megawatts
2024,HI,Hawaii,IPP,Independent Power Producers,BAT,Battery,430.9,megawatts
2024,HI,Hawaii,IPP,Independent Power Producers,GEO,Geothermal,43.0,megawatts
2024,HI,Hawaii,IPP,Independent Power Producers,HYC,Hydroelectric,28.3,megawatts
2024,HI,Hawaii,IPP,Independent Power Producers,OBM,Other Biomass,93.5,megawatts
2024,HI,Hawaii,IPP,Independent Power Producers,PET,Petroleum,315.6,megawatts
2024,HI,Hawaii,IPP,Independent Power Producers,PETGT,Petroleum - GT,32.8,megawatts
2024,HI,Hawaii,IPP,Independent Power Producers,PETIC,Petroleum - IC,2.0,megawatts
2024,HI,Hawaii,IPP,Independent Power Producers,PETOTH,Petroleum - OTH,280.8,megawatts
2024,HI,Hawaii,IPP,Independent Power Producers,SOL,Solar,421.5,megawatts
2024,HI,Hawaii,IPP,Independent Power Producers,SOLPV,Solar - PV,421.5,megawatts
2024,HI,Hawaii,IPP,Independent Power Producers,WND,Wind,233.2,megawatts
2024,HI,Hawaii,TOT,All sectors,ALL,All,3369.3,megawatts
2024,HI,Hawaii,TOT,All sectors,BAT,Battery,432.9,megawatts
2024,HI,Hawaii,TOT,All sectors,GEO,Geothermal,43.0,megawatts
2024,HI,Hawaii,TOT,All sectors,HYC,Hydroelectric,32.4,megawatts
2024,HI,Hawaii,TOT,All sectors,OBM,Other Biomass,153.9,megawatts
2024,HI,Hawaii,TOT,All sectors,PET,Petroleum,2008.4,megawatts
2024,HI,Hawaii,TOT,All sectors,PETGT,Petroleum - GT,364.6,megawatts
2024,HI,Hawaii,TOT,All sectors,PETIC,Petroleum - IC,186.0,megawatts
2024,HI,Hawaii,TOT,All sectors,PETOTH,Petroleum - OTH,439.6,megawatts
2024,HI,Hawaii,TOT,All sectors,PETST,Petroleum - ST,1018.2,megawatts
2024,HI,Hawaii,TOT,All sectors,SOL,Solar,465.5,megawatts
2024,HI,Hawaii,TOT,All sectors,SOLPV,Solar - PV,465.5,megawatts
2024,HI,Hawaii,TOT,All sectors,WND,Wind,233.2,megawatts
2024,IA,Iowa,EU,Electric Utilities,ALL,All,18497.8,megawatts
2024,IA,Iowa,EU,Electric Utilities,BAT,Battery,10.3,megawatts
2024,IA,Iowa,EU,Electric Utilities,COL,Coal,4392.9,megawatts
2024,IA,Iowa,EU,Electric Utilities,HYC,Hydroelectric,208.2,megawatts
2024,IA,Iowa,EU,Electric Utilities,NG,Natural Gas,3535.6,megawatts
2024,IA,Iowa,EU,Electric Utilities,NGCC,Natural Gas - CC,1700.7,megawatts
2024,IA,Iowa,EU,Electric Utilities,NGGT,Natural Gas - GT,1205.4,megawatts
2024,IA,Iowa,EU,Electric Utilities,NGIC,Natural Gas - IC,158.7,megawatts
2024,IA,Iowa,EU,Electric Utilities,NGST,Natural Gas - ST,470.8,megawatts
2024,IA,Iowa,EU,Electric Utilities,PET,Petroleum,689.3,megawatts
2024,IA,Iowa,EU,Electric Utilities,PETGT,Petroleum - GT,203.4,megawatts
2024,IA,Iowa,EU,Electric Utilities,PETIC,Petroleum - IC,485.9,megawatts
2024,IA,Iowa,EU,Electric Utilities,SOL,Solar,559.8,megawatts
2024,IA,Iowa,EU,Electric Utilities,SOLPV,Solar - PV,559.8,megawatts
2024,IA,Iowa,EU,Electric Utilities,WND,Wind,9101.7,megawatts
2024,IA,Iowa,IPP,Independent Power Producers,ALL,All,4728.5,megawatts
2024,IA,Iowa,IPP,Independent Power Producers,COL,Coal,440.0,megawatts
2024,IA,Iowa,IPP,Independent Power Producers,HYC,Hydroelectric,1.2,megawatts
2024,IA,Iowa,IPP,Independent Power Producers,NG,Natural Gas,243.7,megawatts
2024,IA,Iowa,IPP,Independent Power Producers,NGCC,Natural Gas - CC,48.0,megawatts
2024,IA,Iowa,IPP,Independent Power Producers,NGGT,Natural Gas - GT,43.5,megawatts
2024,IA,Iowa,IPP,Independent Power Producers,NGIC,Natural Gas - IC,11.8,megawatts
2024,IA,Iowa,IPP,Independent Power Producers,NGST,Natural Gas - ST,140.4,megawatts
2024,IA,Iowa,IPP,Independent Power Producers,OBM,Other Biomass,20.6,megawatts
2024,IA,Iowa,IPP,Independent Power Producers,PET,Petroleum,142.9,megawatts
2024,IA,Iowa,IPP,Independent Power Producers,PETIC,Petroleum - IC,110.9,megawatts
2024,IA,Iowa,IPP,Independent Power Producers,PETST,Petroleum - ST,32.0,megawatts
2024,IA,Iowa,IPP,Independent Power Producers,SOL,Solar,116.3,megawatts
2024,IA,Iowa,IPP,Independent Power Producers,SOLPV,Solar - PV,116.3,megawatts
2024,IA,Iowa,IPP,Independent Power Producers,WND,Wind,3763.8,megawatts
2024,IA,Iowa,TOT,All sectors,ALL,All,23226.3,megawatts
2024,IA,Iowa,TOT,All sectors,BAT,Battery,10.3,megawatts
2024,IA,Iowa,TOT,All sectors,COL,Coal,4832.9,megawatts
2024,IA,Iowa,TOT,All sectors,HYC,Hydroelectric,209.4,megawatts
2024,IA,Iowa,TOT,All sectors,NG,Natural Gas,3779.3,megawatts
2024,IA,Iowa,TOT,All sectors,NGCC,Natural Gas - CC,1748.7,megawatts
2024,IA,Iowa,TOT,All sectors,NGGT,Natural Gas - GT,1248.9,megawatts
2024,IA,Iowa,TOT,All sectors,NGIC,Natural Gas - IC,170.5,megawatts
2024,IA,Iowa,TOT,All sectors,NGST,Natural Gas - ST,611.2,megawatts
2024,IA,Iowa,TOT,All sectors,OBM,Other Biomass,20.6,megawatts
2024,IA,Iowa,TOT,All sectors,PET,Petroleum,832.2,megawatts
2024,IA,Iowa,TOT,All sectors,PETGT,Petroleum - GT,203.4,megawatts
2024,IA,Iowa,TOT,All sectors,PETIC,Petroleum - IC,596.8,megawatts
2024,IA,Iowa,TOT,All sectors,PETST,Petroleum - ST,32.0,megawatts
2024,IA,Iowa,TOT,All sectors,SOL,Solar,676.1,megawatts
2024,IA,Iowa,TOT,All sectors,SOLPV,Solar - PV,676.1,megawatts
2024,IA,Iowa,TOT,All sectors,WND,Wind,12865.5,megawatts
2024,ID,Idaho,EU,Electric Utilities,ALL,All,3517.2,megawatts
2024,ID,Idaho,EU,Electric Utilities,BAT,Battery,40.0,megawatts
2024,ID,Idaho,EU,Electric Utilities,HYC,Hydroelectric,2416.2,megawatts
2024,ID,Idaho,EU,Electric Utilities,NG,Natural Gas,874.6,megawatts
2024,ID,Idaho,EU,Electric Utilities,NGCC,Natural Gas - CC,305.5,megawatts
2024,ID,Idaho,EU,Electric Utilities,NGGT,Natural Gas - GT,569.1,megawatts
2024,ID,Idaho,EU,Electric Utilities,OBM,Other Biomass,3.2,megawatts
2024,ID,Idaho,EU,Electric Utilities,PET,Petroleum,5.6,megawatts
2024,ID,Idaho,EU,Electric Utilities,PETIC,Petroleum - IC,5.6,megawatts
2024,ID,Idaho,EU,Electric Utilities,SOL,Solar,120.0,megawatts
2024,ID,Idaho,EU,Electric Utilities,SOLPV,Solar - PV,120.0,megawatts
2024,ID,Idaho,EU,Electric Utilities,WND,Wind,57.6,megawatts
2024,ID,Idaho,IPP,Independent Power Producers,ALL,All,2030.4,megawatts
2024,ID,Idaho,IPP,Independent Power Producers,GEO,Geothermal,10.0,megawatts
2024,ID,Idaho,IPP,Independent Power Producers,HYC,Hydroelectric,237.6,megawatts
2024,ID,Idaho,IPP,Independent Power Producers,NG,Natural Gas,231.3,megawatts
2024,ID,Idaho,IPP,Independent Power Producers,NGCC,Natural Gas - CC,210.0,megawatts
2024,ID,Idaho,IPP,Independent Power Producers,NGGT,Natural Gas - GT,4.6,megawatts
2024,ID,Idaho,IPP,Independent Power Producers,NGST,Natural Gas - ST,16.7,megawatts
2024,ID,Idaho,IPP,Independent Power Producers,OBM,Other Biomass,18.3,megawatts
2024,ID,Idaho,IPP,Independent Power Producers,OT,Other,14.8,megawatts
2024,ID,Idaho,IPP,Independent Power Producers,SOL,Solar,381.6,megawatts
2024,ID,Idaho,IPP,Independent Power Producers,SOLPV,Solar - PV,381.6,megawatts
2024,ID,Idaho,IPP,Independent Power Producers,WND,Wind,1070.7,megawatts
2024,ID,Idaho,IPP,Independent Power Producers,WOO,Wood,66.1,megawatts
2024,ID,Idaho,TOT,All sectors,ALL,All,5547.6,megawatts
2024,ID,Idaho,TOT,All sectors,BAT,Battery,40.0,megawatts
2024,ID,Idaho,TOT,All sectors,GEO,Geothermal,10.0,megawatts
2024,ID,Idaho,TOT,All sectors,HYC,Hydroelectric,2653.8,megawatts
2024,ID,Idaho,TOT,All sectors,NG,Natural Gas,1105.9,megawatts
2024,ID,Idaho,TOT,All sectors,NGCC,Natural Gas - CC,515.5,megawatts
2024,ID,Idaho,TOT,All sectors,NGGT,Natural Gas - GT,573.7,megawatts
2024,ID,Idaho,TOT,All sectors,NGST,Natural Gas - ST,16.7,megawatts
2024,ID,Idaho,TOT,All sectors,OBM,Other Biomass,21.5,megawatts
2024,ID,Idaho,TOT,All sectors,OT,Other,14.8,megawatts
2024,ID,Idaho,TOT,All sectors,PET,Petroleum,5.6,megawatts
2024,ID,Idaho,TOT,All sectors,PETIC,Petroleum - IC,5.6,megawatts
2024,ID,Idaho,TOT,All sectors,SOL,Solar,501.6,megawatts
2024,ID,Idaho,TOT,All sectors,SOLPV,Solar - PV,501.6,megawatts
2024,ID,Idaho,TOT,All sectors,WND,Wind,1128.3,megawatts
2024,ID,Idaho,TOT,All sectors,WOO,Wood,66.1,megawatts
2024,IL,Illinois,EU,Electric Utilities,ALL,All,3970.7,megawatts
2024,IL,Illinois,EU,Electric Utilities,BAT,Battery,0.3,megawatts
2024,IL,Illinois,EU,Electric Utilities,COL,Coal,324.7,megawatts
2024,IL,Illinois,EU,Electric Utilities,HYC,Hydroelectric,12.0,megawatts
2024,IL,Illinois,EU,Electric Utilities,NG,Natural Gas,2973.7,megawatts
2024,IL,Illinois,EU,Electric Utilities,NGCC,Natural Gas - CC,602.2,megawatts
2024,IL,Illinois,EU,Electric Utilities,NGGT,Natural Gas - GT,2237.9,megawatts
2024,IL,Illinois,EU,Electric Utilities,NGIC,Natural Gas - IC,105.4,megawatts
2024,IL,Illinois,EU,Electric Utilities,NGST,Natural Gas - ST,28.2,megawatts
2024,IL,Illinois,EU,Electric Utilities,OBM,Other Biomass,13.4,megawatts
2024,IL,Illinois,EU,Electric Utilities,PET,Petroleum,339.0,megawatts
2024,IL,Illinois,EU,Electric Utilities,PETGT,Petroleum - GT,56.2,megawatts
2024,IL,Illinois,EU,Electric Utilities,PETIC,Petroleum - IC,282.8,megawatts
2024,IL,Illinois,EU,Electric Utilities,SOL,Solar,301.3,megawatts
2024,IL,Illinois,EU,Electric Utilities,SOLPV,Solar - PV,301.3,megawatts
2024,IL,Illinois,EU,Electric Utilities,WND,Wind,6.3,megawatts
2024,IL,Illinois,IPP,Independent Power Producers,ALL,All,42308.5,megawatts
2024,IL,Illinois,IPP,Independent Power Producers,BAT,Battery,100.0,megawatts
2024,IL,Illinois,IPP,Independent Power Producers,COL,Coal,6369.8,megawatts
2024,IL,Illinois,IPP,Independent Power Producers,HYC,Hydroelectric,20.9,megawatts
2024,IL,Illinois,IPP,Independent Power Producers,NG,Natural Gas,13219.2,megawatts
2024,IL,Illinois,IPP,Independent Power Producers,NGCC,Natural Gas - CC,4850.7,megawatts
2024,IL,Illinois,IPP,Independent Power Producers,NGGT,Natural Gas - GT,8129.1,megawatts
2024,IL,Illinois,IPP,Independent Power Producers,NGIC,Natural Gas - IC,79.1,megawatts
2024,IL,Illinois,IPP,Independent Power Producers,NGST,Natural Gas - ST,160.3,megawatts
2024,IL,Illinois,IPP,Independent Power Producers,NUC,Nuclear,11591.6,megawatts
2024,IL,Illinois,IPP,Independent Power Producers,OBM,Other Biomass,41.8,megawatts
2024,IL,Illinois,IPP,Independent Power Producers,OOG,Other Gas,36.5,megawatts
2024,IL,Illinois,IPP,Independent Power Producers,OT,Other,78.0,megawatts
2024,IL,Illinois,IPP,Independent Power Producers,PET,Petroleum,325.9,megawatts
2024,IL,Illinois,IPP,Independent Power Producers,PETGT,Petroleum - GT,305.0,megawatts
2024,IL,Illinois,IPP,Independent Power Producers,PETIC,Petroleum - IC,20.9,megawatts
2024,IL,Illinois,IPP,Independent Power Producers,SOL,Solar,2657.4,megawatts
2024,IL,Illinois,IPP,Independent Power Producers,SOLPV,Solar - PV,2657.4,megawatts
2024,IL,Illinois,IPP,Independent Power Producers,WND,Wind,7867.4,megawatts
2024,IL,Illinois,TOT,All sectors,ALL,All,46279.2,megawatts
2024,IL,Illinois,TOT,All sectors,BAT,Battery,100.3,megawatts
2024,IL,Illinois,TOT,All sectors,COL,Coal,6694.5,megawatts
2024,IL,Illinois,TOT,All sectors,HYC,Hydroelectric,32.9,megawatts
2024,IL,Illinois,TOT,All sectors,NG,Natural Gas,16192.9,megawatts
2024,IL,Illinois,TOT,All sectors,NGCC,Natural Gas - CC,5452.9,megawatts
2024,IL,Illinois,TOT,All sectors,NGGT,Natural Gas - GT,10367.0,megawatts
2024,IL,Illinois,TOT,All sectors,NGIC,Natural Gas - IC,184.5,megawatts
2024,IL,Illinois,TOT,All sectors,NGST,Natural Gas - ST,188.5,megawatts
2024,IL,Illinois,TOT,All sectors,NUC,Nuclear,11591.6,megawatts
2024,IL,Illinois,TOT,All sectors,OBM,Other Biomass,55.2,megawatts
2024,IL,Illinois,TOT,All sectors,OOG,Other Gas,36.5,megawatts
2024,IL,Illinois,TOT,All sectors,OT,Other,78.0,megawatts
2024,IL,Illinois,TOT,All sectors,PET,Petroleum,664.9,megawatts
2024,IL,Illinois,TOT,All sectors,PETGT,Petroleum - GT,361.2,megawatts
2024,IL,Illinois,TOT,All sectors,PETIC,Petroleum - IC,303.7,megawatts
2024,IL,Illinois,TOT,All sectors,SOL,Solar,2958.7,megawatts
2024,IL,Illinois,TOT,All sectors,SOLPV,Solar - PV,2958.7,megawatts
2024,IL,Illinois,TOT,All sectors,WND,Wind,7873.7,megawatts
2024,IN,Indiana,EU,Electric Utilities,ALL,All,18705.3,megawatts
2024,IN,Indiana,EU,Electric Utilities,BAT,Battery,81.0,megawatts
2024,IN,Indiana,EU,Electric Utilities,COL,Coal,12126.9,megawatts
2024,IN,Indiana,EU,Electric Utilities,HYC,Hydroelectric,69.1,megawatts
2024,IN,Indiana,EU,Electric Utilities,NG,Natural Gas,5046.8,megawatts
2024,IN,Indiana,EU,Electric Utilities,NGCC,Natural Gas - CC,1474.3,megawatts
2024,IN,Indiana,EU,Electric Utilities,NGGT,Natural Gas - GT,2928.9,megawatts
2024,IN,Indiana,EU,Electric Utilities,NGIC,Natural Gas - IC,25.6,megawatts
2024,IN,Indiana,EU,Electric Utilities,NGST,Natural Gas - ST,618.0,megawatts
2024,IN,Indiana,EU,Electric Utilities,OBM,Other Biomass,26.2,megawatts
2024,IN,Indiana,EU,Electric Utilities,OOG,Other Gas,12.0,megawatts
2024,IN,Indiana,EU,Electric Utilities,PET,Petroleum,62.8,megawatts
2024,IN,Indiana,EU,Electric Utilities,PETGT,Petroleum - GT,37.0,megawatts
2024,IN,Indiana,EU,Electric Utilities,PETIC,Petroleum - IC,25.8,megawatts
2024,IN,Indiana,EU,Electric Utilities,SOL,Solar,1174.5,megawatts
2024,IN,Indiana,EU,Electric Utilities,SOLPV,Solar - PV,1174.5,megawatts
2024,IN,Indiana,EU,Electric Utilities,WND,Wind,106.0,megawatts
2024,IN,Indiana,IPP,Independent Power Producers,ALL,All,9131.3,megawatts
2024,IN,Indiana,IPP,Independent Power Producers,COL,Coal,594.5,megawatts
2024,IN,Indiana,IPP,Independent Power Producers,HYC,Hydroelectric,2.5,megawatts
2024,IN,Indiana,IPP,Independent Power Producers,NG,Natural Gas,3180.7,megawatts
2024,IN,Indiana,IPP,Independent Power Producers,NGCC,Natural Gas - CC,2418.0,megawatts
2024,IN,Indiana,IPP,Independent Power Producers,NGGT,Natural Gas - GT,414.1,megawatts
2024,IN,Indiana,IPP,Independent Power Producers,NGIC,Natural Gas - IC,12.6,megawatts
2024,IN,Indiana,IPP,Independent Power Producers,NGST,Natural Gas - ST,336.0,megawatts
2024,IN,Indiana,IPP,Independent Power Producers,OBM,Other Biomass,22.4,megawatts
2024,IN,Indiana,IPP,Independent Power Producers,OOG,Other Gas,372.1,megawatts
2024,IN,Indiana,IPP,Independent Power Producers,OT,Other,88.0,megawatts
2024,IN,Indiana,IPP,Independent Power Producers,PET,Petroleum,22.5,megawatts
2024,IN,Indiana,IPP,Independent Power Producers,PETIC,Petroleum - IC,22.5,megawatts
2024,IN,Indiana,IPP,Independent Power Producers,SOL,Solar,1315.5,megawatts
2024,IN,Indiana,IPP,Independent Power Producers,SOLPV,Solar - PV,1315.5,megawatts
2024,IN,Indiana,IPP,Independent Power Producers,WND,Wind,3533.1,megawatts
2024,IN,Indiana,TOT,All sectors,ALL,All,27836.6,megawatts
2024,IN,Indiana,TOT,All sectors,BAT,Battery,81.0,megawatts
2024,IN,Indiana,TOT,All sectors,COL,Coal,12721.4,megawatts
2024,IN,Indiana,TOT,All sectors,HYC,Hydroelectric,71.6,megawatts
2024,IN,Indiana,TOT,All sectors,NG,Natural Gas,8227.5,megawatts
2024,IN,Indiana,TOT,All sectors,NGCC,Natural Gas - CC,3892.3,megawatts
2024,IN,Indiana,TOT,All sectors,NGGT,Natural Gas - GT,3343.0,megawatts
2024,IN,Indiana,TOT,All sectors,NGIC,Natural Gas - IC,38.2,megawatts
2024,IN,Indiana,TOT,All sectors,NGST,Natural Gas - ST,954.0,megawatts
2024,IN,Indiana,TOT,All sectors,OBM,Other Biomass,48.6,megawatts
2024,IN,Indiana,TOT,All sectors,OOG,Other Gas,384.1,megawatts
2024,IN,Indiana,TOT,All sectors,OT,Other,88.0,megawatts
2024,IN,Indiana,TOT,All sectors,PET,Petroleum,85.3,megawatts
2024,IN,Indiana,TOT,All sectors,PETGT,Petroleum - GT,37.0,megawatts
2024,IN,Indiana,TOT,All sectors,PETIC,Petroleum - IC,48.3,megawatts
2024,IN,Indiana,TOT,All sectors,SOL,Solar,2490.0,megawatts
2024,IN,Indiana,TOT,All sectors,SOLPV,Solar - PV,2490.0,megawatts
2024,IN,Indiana,TOT,All sectors,WND,Wind,3639.1,megawatts
2024,KS,Kansas,EU,Electric Utilities,ALL,All,11086.0,megawatts
2024,KS,Kansas,EU,Electric Utilities,COL,Coal,4695.0,megawatts
2024,KS,Kansas,EU,Electric Utilities,NG,Natural Gas,3769.2,megawatts
2024,KS,Kansas,EU,Electric Utilities,NGCC,Natural Gas - CC,247.0,megawatts
2024,KS,Kansas,EU,Electric Utilities,NGGT,Natural Gas - GT,2129.7,megawatts
2024,KS,Kansas,EU,Electric Utilities,NGIC,Natural Gas - IC,592.4,megawatts
2024,KS,Kansas,EU,Electric Utilities,NGST,Natural Gas - ST,800.1,megawatts
2024,KS,Kansas,EU,Electric Utilities,NUC,Nuclear,1176.7,megawatts
2024,KS,Kansas,EU,Electric Utilities,PET,Petroleum,540.1,megawatts
2024,KS,Kansas,EU,Electric Utilities,PETGT,Petroleum - GT,215.5,megawatts
2024,KS,Kansas,EU,Electric Utilities,PETIC,Petroleum - IC,324.6,megawatts
2024,KS,Kansas,EU,Electric Utilities,SOL,Solar,32.5,megawatts
2024,KS,Kansas,EU,Electric Utilities,SOLPV,Solar - PV,32.5,megawatts
2024,KS,Kansas,EU,Electric Utilities,WND,Wind,872.5,megawatts
2024,KS,Kansas,IPP,Independent Power Producers,ALL,All,8269.9,megawatts
2024,KS,Kansas,IPP,Independent Power Producers,HYC,Hydroelectric,7.0,megawatts
2024,KS,Kansas,IPP,Independent Power Producers,NG,Natural Gas,49.6,megawatts
2024,KS,Kansas,IPP,Independent Power Producers,NGGT,Natural Gas - GT,43.9,megawatts
2024,KS,Kansas,IPP,Independent Power Producers,NGST,Natural Gas - ST,5.7,megawatts
2024,KS,Kansas,IPP,Independent Power Producers,OBM,Other Biomass,9.0,megawatts
2024,KS,Kansas,IPP,Independent Power Producers,OT,Other,0.8,megawatts
2024,KS,Kansas,IPP,Independent Power Producers,SOL,Solar,33.3,megawatts
2024,KS,Kansas,IPP,Independent Power Producers,SOLPV,Solar - PV,33.3,megawatts
2024,KS,Kansas,IPP,Independent Power Producers,WND,Wind,8170.2,megawatts
2024,KS,Kansas,TOT,All sectors,ALL,All,19355.9,megawatts
2024,KS,Kansas,TOT,All sectors,COL,Coal,4695.0,megawatts
2024,KS,Kansas,TOT,All sectors,HYC,Hydroelectric,7.0,megawatts
2024,KS,Kansas,TOT,All sectors,NG,Natural Gas,3818.8,megawatts
2024,KS,Kansas,TOT,All sectors,NGCC,Natural Gas - CC,247.0,megawatts
2024,KS,Kansas,TOT,All sectors,NGGT,Natural Gas - GT,2173.6,megawatts
2024,KS,Kansas,TOT,All sectors,NGIC,Natural Gas - IC,592.4,megawatts
2024,KS,Kansas,TOT,All sectors,NGST,Natural Gas - ST,805.8,megawatts
2024,KS,Kansas,TOT,All sectors,NUC,Nuclear,1176.7,megawatts
2024,KS,Kansas,TOT,All sectors,OBM,Other Biomass,9.0,megawatts
2024,KS,Kansas,TOT,All sectors,OT,Other,0.8,megawatts
2024,KS,Kansas,TOT,All sectors,PET,Petroleum,540.1,megawatts
2024,KS,Kansas,TOT,All sectors,PETGT,Petroleum - GT,215.5,megawatts
2024,KS,Kansas,TOT,All sectors,PETIC,Petroleum - IC,324.6,megawatts
2024,KS,Kansas,TOT,All sectors,SOL,Solar,65.8,megawatts
2024,KS,Kansas,TOT,All sectors,SOLPV,Solar - PV,65.8,megawatts
2024,KS,Kansas,TOT,All sectors,WND,Wind,9042.7,megawatts
2024,KY,Kentucky,EU,Electric Utilities,ALL,All,17073.5,megawatts
2024,KY,Kentucky,EU,Electric Utilities,COL,Coal,8631.0,megawatts
2024,KY,Kentucky,EU,Electric Utilities,HYC,Hydroelectric,1132.6,megawatts
2024,KY,Kentucky,EU,Electric Utilities,NG,Natural Gas,7256.6,megawatts
2024,KY,Kentucky,EU,Electric Utilities,NGCC,Natural Gas - CC,1791.0,megawatts
2024,KY,Kentucky,EU,Electric Utilities,NGGT,Natural Gas - GT,4751.6,megawatts
2024,KY,Kentucky,EU,Electric Utilities,NGST,Natural Gas - ST,714.0,megawatts
2024,KY,Kentucky,EU,Electric Utilities,OBM,Other Biomass,13.6,megawatts
2024,KY,Kentucky,EU,Electric Utilities,PET,Petroleum,10.8,megawatts
2024,KY,Kentucky,EU,Electric Utilities,PETIC,Petroleum - IC,10.8,megawatts
2024,KY,Kentucky,EU,Electric Utilities,SOL,Solar,28.9,megawatts
2024,KY,Kentucky,EU,Electric Utilities,SOLPV,Solar - PV,28.9,megawatts
2024,KY,Kentucky,IPP,Independent Power Producers,ALL,All,1306.9,megawatts
2024,KY,Kentucky,IPP,Independent Power Producers,HYC,Hydroelectric,4.8,megawatts
2024,KY,Kentucky,IPP,Independent Power Producers,NG,Natural Gas,848.0,megawatts
2024,KY,Kentucky,IPP,Independent Power Producers,NGGT,Natural Gas - GT,848.0,megawatts
2024,KY,Kentucky,IPP,Independent Power Producers,OBM,Other Biomass,4.6,megawatts
2024,KY,Kentucky,IPP,Independent Power Producers,SOL,Solar,397.2,megawatts
2024,KY,Kentucky,IPP,Independent Power Producers,SOLPV,Solar - PV,397.2,megawatts
2024,KY,Kentucky,IPP,Independent Power Producers,WOO,Wood,52.3,megawatts
2024,KY,Kentucky,TOT,All sectors,ALL,All,18380.4,megawatts
2024,KY,Kentucky,TOT,All sectors,COL,Coal,8631.0,megawatts
2024,KY,Kentucky,TOT,All sectors,HYC,Hydroelectric,1137.4,megawatts
2024,KY,Kentucky,TOT,All sectors,NG,Natural Gas,8104.6,megawatts
2024,KY,Kentucky,TOT,All sectors,NGCC,Natural Gas - CC,1791.0,megawatts
2024,KY,Kentucky,TOT,All sectors,NGGT,Natural Gas - GT,5599.6,megawatts
2024,KY,Kentucky,TOT,All sectors,NGST,Natural Gas - ST,714.0,megawatts
2024,KY,Kentucky,TOT,All sectors,OBM,Other Biomass,18.2,megawatts
2024,KY,Kentucky,TOT,All sectors,PET,Petroleum,10.8,megawatts
2024,KY,Kentucky,TOT,All sectors,PETIC,Petroleum - IC,10.8,megawatts
2024,KY,Kentucky,TOT,All sectors,SOL,Solar,426.1,megawatts
2024,KY,Kentucky,TOT,All sectors,SOLPV,Solar - PV,426.1,megawatts
2024,KY,Kentucky,TOT,All sectors,WOO,Wood,52.3,megawatts
2024,LA,Louisiana,EU,Electric Utilities,ALL,All,15993.1,megawatts
2024,LA,Louisiana,EU,Electric Utilities,COL,Coal,1012.8,megawatts
2024,LA,Louisiana,EU,Electric Utilities,NG,Natural Gas,12024.2,megawatts
2024,LA,Louisiana,EU,Electric Utilities,NGCC,Natural Gas - CC,6568.1,megawatts
2024,LA,Louisiana,EU,Electric Utilities,NGGT,Natural Gas - GT,1098.6,megawatts
2024,LA,Louisiana,EU,Electric Utilities,NGIC,Natural Gas - IC,191.8,megawatts
2024,LA,Louisiana,EU,Electric Utilities,NGST,Natural Gas - ST,4165.7,megawatts
2024,LA,Louisiana,EU,Electric Utilities,NUC,Nuclear,2051.5,megawatts
2024,LA,Louisiana,EU,Electric Utilities,OT,Other,41.1,megawatts
2024,LA,Louisiana,EU,Electric Utilities,PET,Petroleum,839.0,megawatts
2024,LA,Louisiana,EU,Electric Utilities,PETGT,Petroleum - GT,32.1,megawatts
2024,LA,Louisiana,EU,Electric Utilities,PETIC,Petroleum - IC,14.0,megawatts
2024,LA,Louisiana,EU,Electric Utilities,PETST,Petroleum - ST,792.9,megawatts
2024,LA,Louisiana,EU,Electric Utilities,SOL,Solar,24.5,megawatts
2024,LA,Louisiana,EU,Electric Utilities,SOLPV,Solar - PV,24.5,megawatts
2024,LA,Louisiana,IPP,Independent Power Producers,ALL,All,8713.6,megawatts
2024,LA,Louisiana,IPP,Independent Power Producers,COL,Coal,1108.8,megawatts
2024,LA,Louisiana,IPP,Independent Power Producers,HYC,Hydroelectric,192.0,megawatts
2024,LA,Louisiana,IPP,Independent Power Producers,NG,Natural Gas,5477.7,megawatts
2024,LA,Louisiana,IPP,Independent Power Producers,NGCC,Natural Gas - CC,2836.1,megawatts
2024,LA,Louisiana,IPP,Independent Power Producers,NGGT,Natural Gas - GT,1746.4,megawatts
2024,LA,Louisiana,IPP,Independent Power Producers,NGIC,Natural Gas - IC,24.7,megawatts
2024,LA,Louisiana,IPP,Independent Power Producers,NGST,Natural Gas - ST,870.5,megawatts
2024,LA,Louisiana,IPP,Independent Power Producers,OBM,Other Biomass,12.1,megawatts
2024,LA,Louisiana,IPP,Independent Power Producers,OOG,Other Gas,167.6,megawatts
2024,LA,Louisiana,IPP,Independent Power Producers,OT,Other,315.7,megawatts
2024,LA,Louisiana,IPP,Independent Power Producers,PET,Petroleum,3.6,megawatts
2024,LA,Louisiana,IPP,Independent Power Producers,PETIC,Petroleum - IC,3.6,megawatts
2024,LA,Louisiana,IPP,Independent Power Producers,SOL,Solar,1028.1,megawatts
2024,LA,Louisiana,IPP,Independent Power Producers,SOLPV,Solar - PV,1028.1,megawatts
2024,LA,Louisiana,IPP,Independent Power Producers,WOO,Wood,408.0,megawatts
2024,LA,Louisiana,TOT,All sectors,ALL,All,24706.7,megawatts
2024,LA,Louisiana,TOT,All sectors,COL,Coal,2121.6,megawatts
2024,LA,Louisiana,TOT,All sectors,HYC,Hydroelectric,192.0,megawatts
2024,LA,Louisiana,TOT,All sectors,NG,Natural Gas,17501.9,megawatts
2024,LA,Louisiana,TOT,All sectors,NGCC,Natural Gas - CC,9404.2,megawatts
2024,LA,Louisiana,TOT,All sectors,NGGT,Natural Gas - GT,2845.0,megawatts
2024,LA,Louisiana,TOT,All sectors,NGIC,Natural Gas - IC,216.5,megawatts
2024,LA,Louisiana,TOT,All sectors,NGST,Natural Gas - ST,5036.2,megawatts
2024,LA,Louisiana,TOT,All sectors,NUC,Nuclear,2051.5,megawatts
2024,LA,Louisiana,TOT,All sectors,OBM,Other Biomass,12.1,megawatts
2024,LA,Louisiana,TOT,All sectors,OOG,Other Gas,167.6,megawatts
2024,LA,Louisiana,TOT,All sectors,OT,Other,356.8,megawatts
2024,LA,Louisiana,TOT,All sectors,PET,Petroleum,842.6,megawatts
2024,LA,Louisiana,TOT,All sectors,PETGT,Petroleum - GT,32.1,megawatts
2024,LA,Louisiana,TOT,All sectors,PETIC,Petroleum - IC,17.6,megawatts
2024,LA,Louisiana,TOT,All sectors,PETST,Petroleum - ST,792.9,megawatts
2024,LA,Louisiana,TOT,All sectors,SOL,Solar,1052.6,megawatts
2024,LA,Louisiana,TOT,All sectors,SOLPV,Solar - PV,1052.6,megawatts
2024,LA,Louisiana,TOT,All sectors,WOO,Wood,408.0,megawatts
2024,MA,Massachusetts,EU,Electric Utilities,ALL,All,1029.8,megawatts
2024,MA,Massachusetts,EU,Electric Utilities,BAT,Battery,18.9,megawatts
2024,MA,Massachusetts,EU,Electric Utilities,HYC,Hydroelectric,82.1,megawatts
2024,MA,Massachusetts,EU,Electric Utilities,NG,Natural Gas,340.4,megawatts
2024,MA,Massachusetts,EU,Electric Utilities,NGCC,Natural Gas - CC,103.0,megawatts
2024,MA,Massachusetts,EU,Electric Utilities,NGGT,Natural Gas - GT,214.2,megawatts
2024,MA,Massachusetts,EU,Electric Utilities,NGIC,Natural Gas - IC,23.2,megawatts
2024,MA,Massachusetts,EU,Electric Utilities,PET,Petroleum,496.5,megawatts
2024,MA,Massachusetts,EU,Electric Utilities,PETGT,Petroleum - GT,143.5,megawatts
2024,MA,Massachusetts,EU,Electric Utilities,PETIC,Petroleum - IC,47.9,megawatts
2024,MA,Massachusetts,EU,Electric Utilities,PETOTH,Petroleum - OTH,305.1,megawatts
2024,MA,Massachusetts,EU,Electric Utilities,SOL,Solar,65.9,megawatts
2024,MA,Massachusetts,EU,Electric Utilities,SOLPV,Solar - PV,65.9,megawatts
2024,MA,Massachusetts,EU,Electric Utilities,WND,Wind,26.0,megawatts
2024,MA,Massachusetts,IPP,Independent Power Producers,ALL,All,10475.6,megawatts
2024,MA,Massachusetts,IPP,Independent Power Producers,BAT,Battery,287.0,megawatts
2024,MA,Massachusetts,IPP,Independent Power Producers,HPS,Pumped Storage,1834.0,megawatts
2024,MA,Massachusetts,IPP,Independent Power Producers,HYC,Hydroelectric,185.1,megawatts
2024,MA,Massachusetts,IPP,Independent Power Producers,NG,Natural Gas,4676.6,megawatts
2024,MA,Massachusetts,IPP,Independent Power Producers,NGCC,Natural Gas - CC,4284.3,megawatts
2024,MA,Massachusetts,IPP,Independent Power Producers,NGGT,Natural Gas - GT,322.1,megawatts
2024,MA,Massachusetts,IPP,Independent Power Producers,NGIC,Natural Gas - IC,16.8,megawatts
2024,MA,Massachusetts,IPP,Independent Power Producers,NGOTH,Natural Gas - OTH,7.5,megawatts
2024,MA,Massachusetts,IPP,Independent Power Producers,NGST,Natural Gas - ST,45.9,megawatts
2024,MA,Massachusetts,IPP,Independent Power Producers,OBM,Other Biomass,258.2,megawatts
2024,MA,Massachusetts,IPP,Independent Power Producers,PET,Petroleum,1779.4,megawatts
2024,MA,Massachusetts,IPP,Independent Power Producers,PETGT,Petroleum - GT,595.4,megawatts
2024,MA,Massachusetts,IPP,Independent Power Producers,PETIC,Petroleum - IC,65.2,megawatts
2024,MA,Massachusetts,IPP,Independent Power Producers,PETST,Petroleum - ST,1118.8,megawatts
2024,MA,Massachusetts,IPP,Independent Power Producers,SOL,Solar,1364.6,megawatts
2024,MA,Massachusetts,IPP,Independent Power Producers,SOLPV,Solar - PV,1364.6,megawatts
2024,MA,Massachusetts,IPP,Independent Power Producers,WND,Wind,75.8,megawatts
2024,MA,Massachusetts,IPP,Independent Power Producers,WOO,Wood,14.9,megawatts
2024,MA,Massachusetts,TOT,All sectors,ALL,All,11505.4,megawatts
2024,MA,Massachusetts,TOT,All sectors,BAT,Battery,305.9,megawatts
2024,MA,Massachusetts,TOT,All sectors,HPS,Pumped Storage,1834.0,megawatts
2024,MA,Massachusetts,TOT,All sectors,HYC,Hydroelectric,267.2,megawatts
2024,MA,Massachusetts,TOT,All sectors,NG,Natural Gas,5017.0,megawatts
2024,MA,Massachusetts,TOT,All sectors,NGCC,Natural Gas - CC,4387.3,megawatts
2024,MA,Massachusetts,TOT,All sectors,NGGT,Natural Gas - GT,536.3,megawatts
2024,MA,Massachusetts,TOT,All sectors,NGIC,Natural Gas - IC,40.0,megawatts
2024,MA,Massachusetts,TOT,All sectors,NGOTH,Natural Gas - OTH,7.5,megawatts
2024,MA,Massachusetts,TOT,All sectors,NGST,Natural Gas - ST,45.9,megawatts
2024,MA,Massachusetts,TOT,All sectors,OBM,Other Biomass,258.2,megawatts
2024,MA,Massachusetts,TOT,All sectors,PET,Petroleum,2275.9,megawatts
2024,MA,Massachusetts,TOT,All sectors,PETGT,Petroleum - GT,738.9,megawatts
2024,MA,Massachusetts,TOT,All sectors,PETIC,Petroleum - IC,113.1,megawatts
2024,MA,Massachusetts,TOT,All sectors,PETOTH,Petroleum - OTH,305.1,megawatts
2024,MA,Massachusetts,TOT,All sectors,PETST,Petroleum - ST,1118.8,megawatts
2024,MA,Massachusetts,TOT,All sectors,SOL,Solar,1430.5,megawatts
2024,MA,Massachusetts,TOT,All sectors,SOLPV,Solar - PV,1430.5,megawatts
2024,MA,Massachusetts,TOT,All sectors,WND,Wind,101.8,megawatts
2024,MA,Massachusetts,TOT,All sectors,WOO,Wood,14.9,megawatts
2024,MD,Maryland,EU,Electric Utilities,ALL,All,1071.4,megawatts
2024,MD,Maryland,EU,Electric Utilities,BAT,Battery,0.7,megawatts
2024,MD,Maryland,EU,Electric Utilities,NG,Natural Gas,993.3,megawatts
2024,MD,Maryland,EU,Electric Utilities,NGCC,Natural Gas - CC,991.3,megawatts
2024,MD,Maryland,EU,Electric Utilities,NGIC,Natural Gas - IC,2.0,megawatts
2024,MD,Maryland,EU,Electric Utilities,PET,Petroleum,71.9,megawatts
2024,MD,Maryland,EU,Electric Utilities,PETGT,Petroleum - GT,9.0,megawatts
2024,MD,Maryland,EU,Electric Utilities,PETIC,Petroleum - IC,62.9,megawatts
2024,MD,Maryland,EU,Electric Utilities,SOL,Solar,5.5,megawatts
2024,MD,Maryland,EU,Electric Utilities,SOLPV,Solar - PV,5.5,megawatts
2024,MD,Maryland,IPP,Independent Power Producers,ALL,All,10646.5,megawatts
2024,MD,Maryland,IPP,Independent Power Producers,BAT,Battery,8.7,megawatts
2024,MD,Maryland,IPP,Independent Power Producers,COL,Coal,1273.0,megawatts
2024,MD,Maryland,IPP,Independent Power Producers,HYC,Hydroelectric,514.9,megawatts
2024,MD,Maryland,IPP,Independent Power Producers,NG,Natural Gas,4635.8,megawatts
2024,MD,Maryland,IPP,Independent Power Producers,NGCC,Natural Gas - CC,1749.8,megawatts
2024,MD,Maryland,IPP,Independent Power Producers,NGGT,Natural Gas - GT,1675.4,megawatts
2024,MD,Maryland,IPP,Independent Power Producers,NGIC,Natural Gas - IC,9.5,megawatts
2024,MD,Maryland,IPP,Independent Power Producers,NGST,Natural Gas - ST,1201.1,megawatts
2024,MD,Maryland,IPP,Independent Power Producers,NUC,Nuclear,1745.2,megawatts
2024,MD,Maryland,IPP,Independent Power Producers,OBM,Other Biomass,137.3,megawatts
2024,MD,Maryland,IPP,Independent Power Producers,PET,Petroleum,1474.4,megawatts
2024,MD,Maryland,IPP,Independent Power Producers,PETGT,Petroleum - GT,474.1,megawatts
2024,MD,Maryland,IPP,Independent Power Producers,PETIC,Petroleum - IC,19.3,megawatts
2024,MD,Maryland,IPP,Independent Power Producers,PETST,Petroleum - ST,981.0,megawatts
2024,MD,Maryland,IPP,Independent Power Producers,SOL,Solar,665.9,megawatts
2024,MD,Maryland,IPP,Independent Power Producers,SOLPV,Solar - PV,665.9,megawatts
2024,MD,Maryland,IPP,Independent Power Producers,WND,Wind,190.0,megawatts
2024,MD,Maryland,IPP,Independent Power Producers,WOO,Wood,1.3,megawatts
2024,MD,Maryland,TOT,All sectors,ALL,All,11717.9,megawatts
2024,MD,Maryland,TOT,All sectors,BAT,Battery,9.4,megawatts
2024,MD,Maryland,TOT,All sectors,COL,Coal,1273.0,megawatts
2024,MD,Maryland,TOT,All sectors,HYC,Hydroelectric,514.9,megawatts
2024,MD,Maryland,TOT,All sectors,NG,Natural Gas,5629.1,megawatts
2024,MD,Maryland,TOT,All sectors,NGCC,Natural Gas - CC,2741.1,megawatts
2024,MD,Maryland,TOT,All sectors,NGGT,Natural Gas - GT,1675.4,megawatts
2024,MD,Maryland,TOT,All sectors,NGIC,Natural Gas - IC,11.5,megawatts
2024,MD,Maryland,TOT,All sectors,NGST,Natural Gas - ST,1201.1,megawatts
2024,MD,Maryland,TOT,All sectors,NUC,Nuclear,1745.2,megawatts
2024,MD,Maryland,TOT,All sectors,OBM,Other Biomass,137.3,megawatts
2024,MD,Maryland,TOT,All sectors,PET,Petroleum,1546.3,megawatts
2024,MD,Maryland,TOT,All sectors,PETGT,Petroleum - GT,483.1,megawatts
2024,MD,Maryland,TOT,All sectors,PETIC,Petroleum - IC,82.2,megawatts
2024,MD,Maryland,TOT,All sectors,PETST,Petroleum - ST,981.0,megawatts
2024,MD,Maryland,TOT,All sectors,SOL,Solar,671.4,megawatts
2024,MD,Maryland,TOT,All sectors,SOLPV,Solar - PV,671.4,megawatts
2024,MD,Maryland,TOT,All sectors,WND,Wind,190.0,megawatts
2024,MD,Maryland,TOT,All sectors,WOO,Wood,1.3,megawatts
2024,ME,Maine,EU,Electric Utilities,ALL,All,1.2,megawatts
2024,ME,Maine,EU,Electric Utilities,HYC,Hydroelectric,1.2,megawatts
2024,ME,Maine,IPP,Independent Power Producers,ALL,All,5585.1,megawatts
2024,ME,Maine,IPP,Independent Power Producers,BAT,Battery,62.3,megawatts
2024,ME,Maine,IPP,Independent Power Producers,HYC,Hydroelectric,724.6,megawatts
2024,ME,Maine,IPP,Independent Power Producers,NG,Natural Gas,1584.2,megawatts
2024,ME,Maine,IPP,Independent Power Producers,NGCC,Natural Gas - CC,1272.2,megawatts
2024,ME,Maine,IPP,Independent Power Producers,NGGT,Natural Gas - GT,312.0,megawatts
2024,ME,Maine,IPP,Independent Power Producers,OBM,Other Biomass,38.6,megawatts
2024,ME,Maine,IPP,Independent Power Producers,OT,Other,22.0,megawatts
2024,ME,Maine,IPP,Independent Power Producers,PET,Petroleum,844.7,megawatts
2024,ME,Maine,IPP,Independent Power Producers,PETGT,Petroleum - GT,32.0,megawatts
2024,ME,Maine,IPP,Independent Power Producers,PETIC,Petroleum - IC,1.8,megawatts
2024,ME,Maine,IPP,Independent Power Producers,PETST,Petroleum - ST,810.9,megawatts
2024,ME,Maine,IPP,Independent Power Producers,SOL,Solar,829.2,megawatts
2024,ME,Maine,IPP,Independent Power Producers,SOLPV,Solar - PV,829.2,megawatts
2024,ME,Maine,IPP,Independent Power Producers,WND,Wind,1029.5,megawatts
2024,ME,Maine,IPP,Independent Power Producers,WOO,Wood,450.0,megawatts
2024,ME,Maine,TOT,All sectors,ALL,All,5586.3,megawatts
2024,ME,Maine,TOT,All sectors,BAT,Battery,62.3,megawatts
2024,ME,Maine,TOT,All sectors,HYC,Hydroelectric,725.8,megawatts
2024,ME,Maine,TOT,All sectors,NG,Natural Gas,1584.2,megawatts
2024,ME,Maine,TOT,All sectors,NGCC,Natural Gas - CC,1272.2,megawatts
2024,ME,Maine,TOT,All sectors,NGGT,Natural Gas - GT,312.0,megawatts
2024,ME,Maine,TOT,All sectors,OBM,Other Biomass,38.6,megawatts
2024,ME,Maine,TOT,All sectors,OT,Other,22.0,megawatts
2024,ME,Maine,TOT,All sectors,PET,Petroleum,844.7,megawatts
2024,ME,Maine,TOT,All sectors,PETGT,Petroleum - GT,32.0,megawatts
2024,ME,Maine,TOT,All sectors,PETIC,Petroleum - IC,1.8,megawatts
2024,ME,Maine,TOT,All sectors,PETST,Petroleum - ST,810.9,megawatts
2024,ME,Maine,TOT,All sectors,SOL,Solar,829.2,megawatts
2024,ME,Maine,TOT,All sectors,SOLPV,Solar - PV,829.2,megawatts
2024,ME,Maine,TOT,All sectors,WND,Wind,1029.5,megawatts
2024,ME,Maine,TOT,All sectors,WOO,Wood,450.0,megawatts
2024,MI,Michigan,EU,Electric Utilities,ALL,All,23876.4,megawatts
2024,MI,Michigan,EU,Electric Utilities,BAT,Battery,1.3,megawatts
2024,MI,Michigan,EU,Electric Utilities,COL,Coal,5666.5,megawatts
2024,MI,Michigan,EU,Electric Utilities,HPS,Pumped Storage,2179.8,megawatts
2024,MI,Michigan,EU,Electric Utilities,HYC,Hydroelectric,245.6,megawatts
2024,MI,Michigan,EU,Electric Utilities,NG,Natural Gas,9713.6,megawatts
2024,MI,Michigan,EU,Electric Utilities,NGCC,Natural Gas - CC,4197.7,megawatts
2024,MI,Michigan,EU,Electric Utilities,NGGT,Natural Gas - GT,3139.0,megawatts
2024,MI,Michigan,EU,Electric Utilities,NGIC,Natural Gas - IC,349.6,megawatts
2024,MI,Michigan,EU,Electric Utilities,NGST,Natural Gas - ST,2027.3,megawatts
2024,MI,Michigan,EU,Electric Utilities,NUC,Nuclear,3318.0,megawatts
2024,MI,Michigan,EU,Electric Utilities,PET,Petroleum,368.7,megawatts
2024,MI,Michigan,EU,Electric Utilities,PETGT,Petroleum - GT,198.3,megawatts
2024,MI,Michigan,EU,Electric Utilities,PETIC,Petroleum - IC,170.4,megawatts
2024,MI,Michigan,EU,Electric Utilities,SOL,Solar,61.8,megawatts
2024,MI,Michigan,EU,Electric Utilities,SOLPV,Solar - PV,61.8,megawatts
2024,MI,Michigan,EU,Electric Utilities,WND,Wind,2321.1,megawatts
2024,MI,Michigan,IPP,Independent Power Producers,ALL,All,8263.0,megawatts
2024,MI,Michigan,IPP,Independent Power Producers,COL,Coal,65.8,megawatts
2024,MI,Michigan,IPP,Independent Power Producers,HYC,Hydroelectric,17.9,megawatts
2024,MI,Michigan,IPP,Independent Power Producers,NG,Natural Gas,4066.8,megawatts
2024,MI,Michigan,IPP,Independent Power Producers,NGCC,Natural Gas - CC,3491.2,megawatts
2024,MI,Michigan,IPP,Independent Power Producers,NGGT,Natural Gas - GT,416.0,megawatts
2024,MI,Michigan,IPP,Independent Power Producers,NGIC,Natural Gas - IC,37.2,megawatts
2024,MI,Michigan,IPP,Independent Power Producers,NGST,Natural Gas - ST,122.4,megawatts
2024,MI,Michigan,IPP,Independent Power Producers,NUC,Nuclear,768.5,megawatts
2024,MI,Michigan,IPP,Independent Power Producers,OBM,Other Biomass,155.7,megawatts
2024,MI,Michigan,IPP,Independent Power Producers,OOG,Other Gas,250.0,megawatts
2024,MI,Michigan,IPP,Independent Power Producers,PET,Petroleum,66.3,megawatts
2024,MI,Michigan,IPP,Independent Power Producers,PETIC,Petroleum - IC,19.1,megawatts
2024,MI,Michigan,IPP,Independent Power Producers,PETST,Petroleum - ST,47.2,megawatts
2024,MI,Michigan,IPP,Independent Power Producers,SOL,Solar,1096.2,megawatts
2024,MI,Michigan,IPP,Independent Power Producers,SOLPV,Solar - PV,1096.2,megawatts
2024,MI,Michigan,IPP,Independent Power Producers,WND,Wind,1453.2,megawatts
2024,MI,Michigan,IPP,Independent Power Producers,WOO,Wood,322.6,megawatts
2024,MI,Michigan,TOT,All sectors,ALL,All,32139.4,megawatts
2024,MI,Michigan,TOT,All sectors,BAT,Battery,1.3,megawatts
2024,MI,Michigan,TOT,All sectors,COL,Coal,5732.3,megawatts
2024,MI,Michigan,TOT,All sectors,HPS,Pumped Storage,2179.8,megawatts
2024,MI,Michigan,TOT,All sectors,HYC,Hydroelectric,263.5,megawatts
2024,MI,Michigan,TOT,All sectors,NG,Natural Gas,13780.4,megawatts
2024,MI,Michigan,TOT,All sectors,NGCC,Natural Gas - CC,7688.9,megawatts
2024,MI,Michigan,TOT,All sectors,NGGT,Natural Gas - GT,3555.0,megawatts
2024,MI,Michigan,TOT,All sectors,NGIC,Natural Gas - IC,386.8,megawatts
2024,MI,Michigan,TOT,All sectors,NGST,Natural Gas - ST,2149.7,megawatts
2024,MI,Michigan,TOT,All sectors,NUC,Nuclear,4086.5,megawatts
2024,MI,Michigan,TOT,All sectors,OBM,Other Biomass,155.7,megawatts
2024,MI,Michigan,TOT,All sectors,OOG,Other Gas,250.0,megawatts
2024,MI,Michigan,TOT,All sectors,PET,Petroleum,435.0,megawatts
2024,MI,Michigan,TOT,All sectors,PETGT,Petroleum - GT,198.3,megawatts
2024,MI,Michigan,TOT,All sectors,PETIC,Petroleum - IC,189.5,megawatts
2024,MI,Michigan,TOT,All sectors,PETST,Petroleum - ST,47.2,megawatts
2024,MI,Michigan,TOT,All sectors,SOL,Solar,1158.0,megawatts
2024,MI,Michigan,TOT,All sectors,SOLPV,Solar - PV,1158.0,megawatts
2024,MI,Michigan,TOT,All sectors,WND,Wind,3774.3,megawatts
2024,MI,Michigan,TOT,All sectors,WOO,Wood,322.6,megawatts
2024,MN,Minnesota,EU,Electric Utilities,ALL,All,11862.8,megawatts
2024,MN,Minnesota,EU,Electric Utilities,BAT,Battery,5.0,megawatts
2024,MN,Minnesota,EU,Electric Utilities,COL,Coal,3004.0,megawatts
2024,MN,Minnesota,EU,Electric Utilities,HYC,Hydroelectric,138.3,megawatts
2024,MN,Minnesota,EU,Electric Utilities,NG,Natural Gas,4216.0,megawatts
2024,MN,Minnesota,EU,Electric Utilities,NGCC,Natural Gas - CC,1578.0,megawatts
2024,MN,Minnesota,EU,Electric Utilities,NGGT,Natural Gas - GT,2231.9,megawatts
2024,MN,Minnesota,EU,Electric Utilities,NGIC,Natural Gas - IC,230.8,megawatts
2024,MN,Minnesota,EU,Electric Utilities,NGST,Natural Gas - ST,175.3,megawatts
2024,MN,Minnesota,EU,Electric Utilities,NUC,Nuclear,1657.0,megawatts
2024,MN,Minnesota,EU,Electric Utilities,OBM,Other Biomass,37.5,megawatts
2024,MN,Minnesota,EU,Electric Utilities,PET,Petroleum,727.3,megawatts
2024,MN,Minnesota,EU,Electric Utilities,PETGT,Petroleum - GT,370.3,megawatts
2024,MN,Minnesota,EU,Electric Utilities,PETIC,Petroleum - IC,357.0,megawatts
2024,MN,Minnesota,EU,Electric Utilities,SOL,Solar,318.3,megawatts
2024,MN,Minnesota,EU,Electric Utilities,SOLPV,Solar - PV,318.3,megawatts
2024,MN,Minnesota,EU,Electric Utilities,WND,Wind,1759.4,megawatts
2024,MN,Minnesota,IPP,Independent Power Producers,ALL,All,6349.8,megawatts
2024,MN,Minnesota,IPP,Independent Power Producers,BAT,Battery,16.0,megawatts
2024,MN,Minnesota,IPP,Independent Power Producers,COL,Coal,131.5,megawatts
2024,MN,Minnesota,IPP,Independent Power Producers,HYC,Hydroelectric,73.7,megawatts
2024,MN,Minnesota,IPP,Independent Power Producers,NG,Natural Gas,1315.4,megawatts
2024,MN,Minnesota,IPP,Independent Power Producers,NGCC,Natural Gas - CC,954.9,megawatts
2024,MN,Minnesota,IPP,Independent Power Producers,NGGT,Natural Gas - GT,338.5,megawatts
2024,MN,Minnesota,IPP,Independent Power Producers,NGST,Natural Gas - ST,22.0,megawatts
2024,MN,Minnesota,IPP,Independent Power Producers,OBM,Other Biomass,73.1,megawatts
2024,MN,Minnesota,IPP,Independent Power Producers,OT,Other,6.1,megawatts
2024,MN,Minnesota,IPP,Independent Power Producers,PET,Petroleum,62.6,megawatts
2024,MN,Minnesota,IPP,Independent Power Producers,PETIC,Petroleum - IC,62.6,megawatts
2024,MN,Minnesota,IPP,Independent Power Producers,SOL,Solar,1323.4,megawatts
2024,MN,Minnesota,IPP,Independent Power Producers,SOLPV,Solar - PV,1323.4,megawatts
2024,MN,Minnesota,IPP,Independent Power Producers,WND,Wind,3142.0,megawatts
2024,MN,Minnesota,IPP,Independent Power Producers,WOO,Wood,206.0,megawatts
2024,MN,Minnesota,TOT,All sectors,ALL,All,18212.6,megawatts
2024,MN,Minnesota,TOT,All sectors,BAT,Battery,21.0,megawatts
2024,MN,Minnesota,TOT,All sectors,COL,Coal,3135.5,megawatts
2024,MN,Minnesota,TOT,All sectors,HYC,Hydroelectric,212.0,megawatts
2024,MN,Minnesota,TOT,All sectors,NG,Natural Gas,5531.4,megawatts
2024,MN,Minnesota,TOT,All sectors,NGCC,Natural Gas - CC,2532.9,megawatts
2024,MN,Minnesota,TOT,All sectors,NGGT,Natural Gas - GT,2570.4,megawatts
2024,MN,Minnesota,TOT,All sectors,NGIC,Natural Gas - IC,230.8,megawatts
2024,MN,Minnesota,TOT,All sectors,NGST,Natural Gas - ST,197.3,megawatts
2024,MN,Minnesota,TOT,All sectors,NUC,Nuclear,1657.0,megawatts
2024,MN,Minnesota,TOT,All sectors,OBM,Other Biomass,110.6,megawatts
2024,MN,Minnesota,TOT,All sectors,OT,Other,6.1,megawatts
2024,MN,Minnesota,TOT,All sectors,PET,Petroleum,789.9,megawatts
2024,MN,Minnesota,TOT,All sectors,PETGT,Petroleum - GT,370.3,megawatts
2024,MN,Minnesota,TOT,All sectors,PETIC,Petroleum - IC,419.6,megawatts
2024,MN,Minnesota,TOT,All sectors,SOL,Solar,1641.7,megawatts
2024,MN,Minnesota,TOT,All sectors,SOLPV,Solar - PV,1641.7,megawatts
2024,MN,Minnesota,TOT,All sectors,WND,Wind,4901.4,megawatts
2024,MN,Minnesota,TOT,All sectors,WOO,Wood,206.0,megawatts
2024,MO,Missouri,EU,Electric Utilities,ALL,All,17882.0,megawatts
2024,MO,Missouri,EU,Electric Utilities,BAT,Battery,1.0,megawatts
2024,MO,Missouri,EU,Electric Utilities,COL,Coal,8539.2,megawatts
2024,MO,Missouri,EU,Electric Utilities,HPS,Pumped Storage,657.0,megawatts
2024,MO,Missouri,EU,Electric Utilities,HYC,Hydroelectric,548.5,megawatts
2024,MO,Missouri,EU,Electric Utilities,NG,Natural Gas,4722.3,megawatts
2024,MO,Missouri,EU,Electric Utilities,NGCC,Natural Gas - CC,1203.5,megawatts
2024,MO,Missouri,EU,Electric Utilities,NGGT,Natural Gas - GT,3265.8,megawatts
2024,MO,Missouri,EU,Electric Utilities,NGIC,Natural Gas - IC,74.8,megawatts
2024,MO,Missouri,EU,Electric Utilities,NGST,Natural Gas - ST,178.2,megawatts
2024,MO,Missouri,EU,Electric Utilities,NUC,Nuclear,1190.0,megawatts
2024,MO,Missouri,EU,Electric Utilities,OBM,Other Biomass,7.5,megawatts
2024,MO,Missouri,EU,Electric Utilities,PET,Petroleum,1038.2,megawatts
2024,MO,Missouri,EU,Electric Utilities,PETGT,Petroleum - GT,776.2,megawatts
2024,MO,Missouri,EU,Electric Utilities,PETIC,Petroleum - IC,262.0,megawatts
2024,MO,Missouri,EU,Electric Utilities,SOL,Solar,236.2,megawatts
2024,MO,Missouri,EU,Electric Utilities,SOLPV,Solar - PV,236.2,megawatts
2024,MO,Missouri,EU,Electric Utilities,WND,Wind,942.1,megawatts
2024,MO,Missouri,IPP,Independent Power Producers,ALL,All,2537.0,megawatts
2024,MO,Missouri,IPP,Independent Power Producers,NG,Natural Gas,823.9,megawatts
2024,MO,Missouri,IPP,Independent Power Producers,NGCC,Natural Gas - CC,685.7,megawatts
2024,MO,Missouri,IPP,Independent Power Producers,NGGT,Natural Gas - GT,58.1,megawatts
2024,MO,Missouri,IPP,Independent Power Producers,NGIC,Natural Gas - IC,1.2,megawatts
2024,MO,Missouri,IPP,Independent Power Producers,NGST,Natural Gas - ST,78.9,megawatts
2024,MO,Missouri,IPP,Independent Power Producers,OBM,Other Biomass,6.5,megawatts
2024,MO,Missouri,IPP,Independent Power Producers,PET,Petroleum,22.2,megawatts
2024,MO,Missouri,IPP,Independent Power Producers,PETIC,Petroleum - IC,22.2,megawatts
2024,MO,Missouri,IPP,Independent Power Producers,SOL,Solar,233.6,megawatts
2024,MO,Missouri,IPP,Independent Power Producers,SOLPV,Solar - PV,233.6,megawatts
2024,MO,Missouri,IPP,Independent Power Producers,WND,Wind,1450.8,megawatts
2024,MO,Missouri,TOT,All sectors,ALL,All,20419.0,megawatts
2024,MO,Missouri,TOT,All sectors,BAT,Battery,1.0,megawatts
2024,MO,Missouri,TOT,All sectors,COL,Coal,8539.2,megawatts
2024,MO,Missouri,TOT,All sectors,HPS,Pumped Storage,657.0,megawatts
2024,MO,Missouri,TOT,All sectors,HYC,Hydroelectric,548.5,megawatts
2024,MO,Missouri,TOT,All sectors,NG,Natural Gas,5546.2,megawatts
2024,MO,Missouri,TOT,All sectors,NGCC,Natural Gas - CC,1889.2,megawatts
2024,MO,Missouri,TOT,All sectors,NGGT,Natural Gas - GT,3323.9,megawatts
2024,MO,Missouri,TOT,All sectors,NGIC,Natural Gas - IC,76.0,megawatts
2024,MO,Missouri,TOT,All sectors,NGST,Natural Gas - ST,257.1,megawatts
2024,MO,Missouri,TOT,All sectors,NUC,Nuclear,1190.0,megawatts
2024,MO,Missouri,TOT,All sectors,OBM,Other Biomass,14.0,megawatts
2024,MO,Missouri,TOT,All sectors,PET,Petroleum,1060.4,megawatts
2024,MO,Missouri,TOT,All sectors,PETGT,Petroleum - GT,776.2,megawatts
2024,MO,Missouri,TOT,All sectors,PETIC,Petroleum - IC,284.2,megawatts
2024,MO,Missouri,TOT,All sectors,SOL,Solar,469.8,megawatts
2024,MO,Missouri,TOT,All sectors,SOLPV,Solar - PV,469.8,megawatts
2024,MO,Missouri,TOT,All sectors,WND,Wind,2392.9,megawatts
2024,MS,Mississippi,EU,Electric Utilities,ALL,All,13803.9,megawatts
2024,MS,Mississippi,EU,Electric Utilities,BAT,Battery,1.5,megawatts
2024,MS,Mississippi,EU,Electric Utilities,COL,Coal,1004.0,megawatts
2024,MS,Mississippi,EU,Electric Utilities,NG,Natural Gas,11297.6,megawatts
2024,MS,Mississippi,EU,Electric Utilities,NGCC,Natural Gas - CC,8450.7,megawatts
2024,MS,Mississippi,EU,Electric Utilities,NGGT,Natural Gas - GT,1334.6,megawatts
2024,MS,Mississippi,EU,Electric Utilities,NGIC,Natural Gas - IC,25.8,megawatts
2024,MS,Mississippi,EU,Electric Utilities,NGST,Natural Gas - ST,1486.5,megawatts
2024,MS,Mississippi,EU,Electric Utilities,NUC,Nuclear,1390.3,megawatts
2024,MS,Mississippi,EU,Electric Utilities,PET,Petroleum,9.0,megawatts
2024,MS,Mississippi,EU,Electric Utilities,PETIC,Petroleum - IC,9.0,megawatts
2024,MS,Mississippi,EU,Electric Utilities,SOL,Solar,101.5,megawatts
2024,MS,Mississippi,EU,Electric Utilities,SOLPV,Solar - PV,101.5,megawatts
2024,MS,Mississippi,IPP,Independent Power Producers,ALL,All,2157.2,megawatts
2024,MS,Mississippi,IPP,Independent Power Producers,BAT,Battery,50.0,megawatts
2024,MS,Mississippi,IPP,Independent Power Producers,COL,Coal,440.0,megawatts
2024,MS,Mississippi,IPP,Independent Power Producers,NG,Natural Gas,60.7,megawatts
2024,MS,Mississippi,IPP,Independent Power Producers,NGGT,Natural Gas - GT,60.7,megawatts
2024,MS,Mississippi,IPP,Independent Power Producers,OBM,Other Biomass,1.6,megawatts
2024,MS,Mississippi,IPP,Independent Power Producers,OT,Other,1.4,megawatts
2024,MS,Mississippi,IPP,Independent Power Producers,SOL,Solar,1118.2,megawatts
2024,MS,Mississippi,IPP,Independent Power Producers,SOLPV,Solar - PV,1118.2,megawatts
2024,MS,Mississippi,IPP,Independent Power Producers,WND,Wind,184.5,megawatts
2024,MS,Mississippi,IPP,Independent Power Producers,WOO,Wood,300.8,megawatts
2024,MS,Mississippi,TOT,All sectors,ALL,All,15961.1,megawatts
2024,MS,Mississippi,TOT,All sectors,BAT,Battery,51.5,megawatts
2024,MS,Mississippi,TOT,All sectors,COL,Coal,1444.0,megawatts
2024,MS,Mississippi,TOT,All sectors,NG,Natural Gas,11358.3,megawatts
2024,MS,Mississippi,TOT,All sectors,NGCC,Natural Gas - CC,8450.7,megawatts
2024,MS,Mississippi,TOT,All sectors,NGGT,Natural Gas - GT,1395.3,megawatts
2024,MS,Mississippi,TOT,All sectors,NGIC,Natural Gas - IC,25.8,megawatts
2024,MS,Mississippi,TOT,All sectors,NGST,Natural Gas - ST,1486.5,megawatts
2024,MS,Mississippi,TOT,All sectors,NUC,Nuclear,1390.3,megawatts
2024,MS,Mississippi,TOT,All sectors,OBM,Other Biomass,1.6,megawatts
2024,MS,Mississippi,TOT,All sectors,OT,Other,1.4,megawatts
2024,MS,Mississippi,TOT,All sectors,PET,Petroleum,9.0,megawatts
2024,MS,Mississippi,TOT,All sectors,PETIC,Petroleum - IC,9.0,megawatts
2024,MS,Mississippi,TOT,All sectors,SOL,Solar,1219.7,megawatts
2024,MS,Mississippi,TOT,All sectors,SOLPV,Solar - PV,1219.7,megawatts
2024,MS,Mississippi,TOT,All sectors,WND,Wind,184.5,megawatts
2024,MS,Mississippi,TOT,All sectors,WOO,Wood,300.8,megawatts
2024,MT,Montana,EU,Electric Utilities,ALL,All,3830.1,megawatts
2024,MT,Montana,EU,Electric Utilities,HYC,Hydroelectric,2799.9,megawatts
2024,MT,Montana,EU,Electric Utilities,NG,Natural Gas,499.6,megawatts
2024,MT,Montana,EU,Electric Utilities,NGGT,Natural Gas - GT,315.8,megawatts
2024,MT,Montana,EU,Electric Utilities,NGIC,Natural Gas - IC,183.8,megawatts
2024,MT,Montana,EU,Electric Utilities,OBM,Other Biomass,3.2,megawatts
2024,MT,Montana,EU,Electric Utilities,WND,Wind,527.4,megawatts
2024,MT,Montana,IPP,Independent Power Producers,ALL,All,3352.4,megawatts
2024,MT,Montana,IPP,Independent Power Producers,COL,Coal,1626.5,megawatts
2024,MT,Montana,IPP,Independent Power Producers,HYC,Hydroelectric,34.2,megawatts
2024,MT,Montana,IPP,Independent Power Producers,NG,Natural Gas,54.0,megawatts
2024,MT,Montana,IPP,Independent Power Producers,NGIC,Natural Gas - IC,54.0,megawatts
2024,MT,Montana,IPP,Independent Power Producers,OOG,Other Gas,1.5,megawatts
2024,MT,Montana,IPP,Independent Power Producers,OT,Other,40.0,megawatts
2024,MT,Montana,IPP,Independent Power Producers,PET,Petroleum,52.0,megawatts
2024,MT,Montana,IPP,Independent Power Producers,PETST,Petroleum - ST,52.0,megawatts
2024,MT,Montana,IPP,Independent Power Producers,SOL,Solar,179.0,megawatts
2024,MT,Montana,IPP,Independent Power Producers,SOLPV,Solar - PV,179.0,megawatts
2024,MT,Montana,IPP,Independent Power Producers,WND,Wind,1362.2,megawatts
2024,MT,Montana,IPP,Independent Power Producers,WOO,Wood,3.0,megawatts
2024,MT,Montana,TOT,All sectors,ALL,All,7182.5,megawatts
2024,MT,Montana,TOT,All sectors,COL,Coal,1626.5,megawatts
2024,MT,Montana,TOT,All sectors,HYC,Hydroelectric,2834.1,megawatts
2024,MT,Montana,TOT,All sectors,NG,Natural Gas,553.6,megawatts
2024,MT,Montana,TOT,All sectors,NGGT,Natural Gas - GT,315.8,megawatts
2024,MT,Montana,TOT,All sectors,NGIC,Natural Gas - IC,237.8,megawatts
2024,MT,Montana,TOT,All sectors,OBM,Other Biomass,3.2,megawatts
2024,MT,Montana,TOT,All sectors,OOG,Other Gas,1.5,megawatts
2024,MT,Montana,TOT,All sectors,OT,Other,40.0,megawatts
2024,MT,Montana,TOT,All sectors,PET,Petroleum,52.0,megawatts
2024,MT,Montana,TOT,All sectors,PETST,Petroleum - ST,52.0,megawatts
2024,MT,Montana,TOT,All sectors,SOL,Solar,179.0,megawatts
2024,MT,Montana,TOT,All sectors,SOLPV,Solar - PV,179.0,megawatts
2024,MT,Montana,TOT,All sectors,WND,Wind,1889.6,megawatts
2024,MT,Montana,TOT,All sectors,WOO,Wood,3.0,megawatts
2024,NC,North Carolina,EU,Electric Utilities,ALL,All,26703.1,megawatts
2024,NC,North Carolina,EU,Electric Utilities,BAT,Battery,127.8,megawatts
2024,NC,North Carolina,EU,Electric Utilities,COL,Coal,5561.0,megawatts
2024,NC,North Carolina,EU,Electric Utilities,HPS,Pumped Storage,86.0,megawatts
2024,NC,North Carolina,EU,Electric Utilities,HYC,Hydroelectric,1795.7,megawatts
2024,NC,North Carolina,EU,Electric Utilities,NG,Natural Gas,12961.0,megawatts
2024,NC,North Carolina,EU,Electric Utilities,NGCC,Natural Gas - CC,4594.0,megawatts
2024,NC,North Carolina,EU,Electric Utilities,NGGT,Natural Gas - GT,5119.0,megawatts
2024,NC,North Carolina,EU,Electric Utilities,NGST,Natural Gas - ST,3248.0,megawatts
2024,NC,North Carolina,EU,Electric Utilities,NUC,Nuclear,5149.6,megawatts
2024,NC,North Carolina,EU,Electric Utilities,PET,Petroleum,425.7,megawatts
2024,NC,North Carolina,EU,Electric Utilities,PETGT,Petroleum - GT,176.0,megawatts
2024,NC,North Carolina,EU,Electric Utilities,PETIC,Petroleum - IC,95.1,megawatts
2024,NC,North Carolina,EU,Electric Utilities,PETOTH,Petroleum - OTH,154.6,megawatts
2024,NC,North Carolina,EU,Electric Utilities,SOL,Solar,596.3,megawatts
2024,NC,North Carolina,EU,Electric Utilities,SOLPV,Solar - PV,596.3,megawatts
2024,NC,North Carolina,IPP,Independent Power Producers,ALL,All,9633.5,megawatts
2024,NC,North Carolina,IPP,Independent Power Producers,BAT,Battery,12.0,megawatts
2024,NC,North Carolina,IPP,Independent Power Producers,HYC,Hydroelectric,213.7,megawatts
2024,NC,North Carolina,IPP,Independent Power Producers,NG,Natural Gas,2291.2,megawatts
2024,NC,North Carolina,IPP,Independent Power Producers,NGCC,Natural Gas - CC,985.0,megawatts
2024,NC,North Carolina,IPP,Independent Power Producers,NGGT,Natural Gas - GT,1276.5,megawatts
2024,NC,North Carolina,IPP,Independent Power Producers,NGST,Natural Gas - ST,29.7,megawatts
2024,NC,North Carolina,IPP,Independent Power Producers,OBM,Other Biomass,62.9,megawatts
2024,NC,North Carolina,IPP,Independent Power Producers,OT,Other,54.0,megawatts
2024,NC,North Carolina,IPP,Independent Power Producers,PET,Petroleum,65.3,megawatts
2024,NC,North Carolina,IPP,Independent Power Producers,PETIC,Petroleum - IC,65.3,megawatts
2024,NC,North Carolina,IPP,Independent Power Producers,SOL,Solar,6190.4,megawatts
2024,NC,North Carolina,IPP,Independent Power Producers,SOLPV,Solar - PV,6190.4,megawatts
2024,NC,North Carolina,IPP,Independent Power Producers,WND,Wind,397.0,megawatts
2024,NC,North Carolina,IPP,Independent Power Producers,WOO,Wood,347.0,megawatts
2024,NC,North Carolina,TOT,All sectors,ALL,All,36336.6,megawatts
2024,NC,North Carolina,TOT,All sectors,BAT,Battery,139.8,megawatts
2024,NC,North Carolina,TOT,All sectors,COL,Coal,5561.0,megawatts
2024,NC,North Carolina,TOT,All sectors,HPS,Pumped Storage,86.0,megawatts
2024,NC,North Carolina,TOT,All sectors,HYC,Hydroelectric,2009.4,megawatts
2024,NC,North Carolina,TOT,All sectors,NG,Natural Gas,15252.2,megawatts
2024,NC,North Carolina,TOT,All sectors,NGCC,Natural Gas - CC,5579.0,megawatts
2024,NC,North Carolina,TOT,All sectors,NGGT,Natural Gas - GT,6395.5,megawatts
2024,NC,North Carolina,TOT,All sectors,NGST,Natural Gas - ST,3277.7,megawatts
2024,NC,North Carolina,TOT,All sectors,NUC,Nuclear,5149.6,megawatts
2024,NC,North Carolina,TOT,All sectors,OBM,Other Biomass,62.9,megawatts
2024,NC,North Carolina,TOT,All sectors,OT,Other,54.0,megawatts
2024,NC,North Carolina,TOT,All sectors,PET,Petroleum,491.0,megawatts
2024,NC,North Carolina,TOT,All sectors,PETGT,Petroleum - GT,176.0,megawatts
2024,NC,North Carolina,TOT,All sectors,PETIC,Petroleum - IC,160.4,megawatts
2024,NC,North Carolina,TOT,All sectors,PETOTH,Petroleum - OTH,154.6,megawatts
2024,NC,North Carolina,TOT,All sectors,SOL,Solar,6786.7,megawatts
2024,NC,North Carolina,TOT,All sectors,SOLPV,Solar - PV,6786.7,megawatts
2024,NC,North Carolina,TOT,All sectors,WND,Wind,397.0,megawatts
2024,NC,North Carolina,TOT,All sectors,WOO,Wood,347.0,megawatts
2024,ND,North Dakota,EU,Electric Utilities,ALL,All,6755.7,megawatts
2024,ND,North Dakota,EU,Electric Utilities,COL,Coal,3812.6,megawatts
2024,ND,North Dakota,EU,Electric Utilities,HYC,Hydroelectric,510.0,megawatts
2024,ND,North Dakota,EU,Electric Utilities,NG,Natural Gas,746.1,megawatts
2024,ND,North Dakota,EU,Electric Utilities,NGGT,Natural Gas - GT,542.4,megawatts
2024,ND,North Dakota,EU,Electric Utilities,NGIC,Natural Gas - IC,106.8,megawatts
2024,ND,North Dakota,EU,Electric Utilities,NGST,Natural Gas - ST,96.9,megawatts
2024,ND,North Dakota,EU,Electric Utilities,OT,Other,5.3,megawatts
2024,ND,North Dakota,EU,Electric Utilities,PET,Petroleum,54.6,megawatts
2024,ND,North Dakota,EU,Electric Utilities,PETGT,Petroleum - GT,40.6,megawatts
2024,ND,North Dakota,EU,Electric Utilities,PETIC,Petroleum - IC,14.0,megawatts
2024,ND,North Dakota,EU,Electric Utilities,WND,Wind,1627.1,megawatts
2024,ND,North Dakota,IPP,Independent Power Producers,ALL,All,2927.9,megawatts
2024,ND,North Dakota,IPP,Independent Power Producers,COL,Coal,19.3,megawatts
2024,ND,North Dakota,IPP,Independent Power Producers,OBM,Other Biomass,9.8,megawatts
2024,ND,North Dakota,IPP,Independent Power Producers,OOG,Other Gas,8.4,megawatts
2024,ND,North Dakota,IPP,Independent Power Producers,PET,Petroleum,3.5,megawatts
2024,ND,North Dakota,IPP,Independent Power Producers,PETIC,Petroleum - IC,3.5,megawatts
2024,ND,North Dakota,IPP,Independent Power Producers,WND,Wind,2886.9,megawatts
2024,ND,North Dakota,TOT,All sectors,ALL,All,9683.6,megawatts
2024,ND,North Dakota,TOT,All sectors,COL,Coal,3831.9,megawatts
2024,ND,North Dakota,TOT,All sectors,HYC,Hydroelectric,510.0,megawatts
2024,ND,North Dakota,TOT,All sectors,NG,Natural Gas,746.1,megawatts
2024,ND,North Dakota,TOT,All sectors,NGGT,Natural Gas - GT,542.4,megawatts
2024,ND,North Dakota,TOT,All sectors,NGIC,Natural Gas - IC,106.8,megawatts
2024,ND,North Dakota,TOT,All sectors,NGST,Natural Gas - ST,96.9,megawatts
2024,ND,North Dakota,TOT,All sectors,OBM,Other Biomass,9.8,megawatts
2024,ND,North Dakota,TOT,All sectors,OOG,Other Gas,8.4,megawatts
2024,ND,North Dakota,TOT,All sectors,OT,Other,5.3,megawatts
2024,ND,North Dakota,TOT,All sectors,PET,Petroleum,58.1,megawatts
2024,ND,North Dakota,TOT,All sectors,PETGT,Petroleum - GT,40.6,megawatts
2024,ND,North Dakota,TOT,All sectors,PETIC,Petroleum - IC,17.5,megawatts
2024,ND,North Dakota,TOT,All sectors,WND,Wind,4514.0,megawatts
2024,NE,Nebraska,EU,Electric Utilities,ALL,All,7208.8,megawatts
2024,NE,Nebraska,EU,Electric Utilities,BAT,Battery,1.0,megawatts
2024,NE,Nebraska,EU,Electric Utilities,COL,Coal,3756.9,megawatts
2024,NE,Nebraska,EU,Electric Utilities,HYC,Hydroelectric,278.8,megawatts
2024,NE,Nebraska,EU,Electric Utilities,NG,Natural Gas,1942.0,megawatts
2024,NE,Nebraska,EU,Electric Utilities,NGCC,Natural Gas - CC,338.9,megawatts
2024,NE,Nebraska,EU,Electric Utilities,NGGT,Natural Gas - GT,1104.8,megawatts
2024,NE,Nebraska,EU,Electric Utilities,NGIC,Natural Gas - IC,120.0,megawatts
2024,NE,Nebraska,EU,Electric Utilities,NGST,Natural Gas - ST,378.3,megawatts
2024,NE,Nebraska,EU,Electric Utilities,NUC,Nuclear,768.5,megawatts
2024,NE,Nebraska,EU,Electric Utilities,OBM,Other Biomass,11.0,megawatts
2024,NE,Nebraska,EU,Electric Utilities,PET,Petroleum,373.7,megawatts
2024,NE,Nebraska,EU,Electric Utilities,PETGT,Petroleum - GT,249.3,megawatts
2024,NE,Nebraska,EU,Electric Utilities,PETIC,Petroleum - IC,124.4,megawatts
2024,NE,Nebraska,EU,Electric Utilities,SOL,Solar,17.5,megawatts
2024,NE,Nebraska,EU,Electric Utilities,SOLPV,Solar - PV,17.5,megawatts
2024,NE,Nebraska,EU,Electric Utilities,WND,Wind,59.4,megawatts
2024,NE,Nebraska,IPP,Independent Power Producers,ALL,All,3659.4,megawatts
2024,NE,Nebraska,IPP,Independent Power Producers,BAT,Battery,3.9,megawatts
2024,NE,Nebraska,IPP,Independent Power Producers,COL,Coal,61.0,megawatts
2024,NE,Nebraska,IPP,Independent Power Producers,NG,Natural Gas,15.0,megawatts
2024,NE,Nebraska,IPP,Independent Power Producers,NGIC,Natural Gas - IC,1.5,megawatts
2024,NE,Nebraska,IPP,Independent Power Producers,NGST,Natural Gas - ST,13.5,megawatts
2024,NE,Nebraska,IPP,Independent Power Producers,OBM,Other Biomass,3.0,megawatts
2024,NE,Nebraska,IPP,Independent Power Producers,SOL,Solar,119.0,megawatts
2024,NE,Nebraska,IPP,Independent Power Producers,SOLPV,Solar - PV,119.0,megawatts
2024,NE,Nebraska,IPP,Independent Power Producers,WND,Wind,3457.5,megawatts
2024,NE,Nebraska,TOT,All sectors,ALL,All,10868.2,megawatts
2024,NE,Nebraska,TOT,All sectors,BAT,Battery,4.9,megawatts
2024,NE,Nebraska,TOT,All sectors,COL,Coal,3817.9,megawatts
2024,NE,Nebraska,TOT,All sectors,HYC,Hydroelectric,278.8,megawatts
2024,NE,Nebraska,TOT,All sectors,NG,Natural Gas,1957.0,megawatts
2024,NE,Nebraska,TOT,All sectors,NGCC,Natural Gas - CC,338.9,megawatts
2024,NE,Nebraska,TOT,All sectors,NGGT,Natural Gas - GT,1104.8,megawatts
2024,NE,Nebraska,TOT,All sectors,NGIC,Natural Gas - IC,121.5,megawatts
2024,NE,Nebraska,TOT,All sectors,NGST,Natural Gas - ST,391.8,megawatts
2024,NE,Nebraska,TOT,All sectors,NUC,Nuclear,768.5,megawatts
2024,NE,Nebraska,TOT,All sectors,OBM,Other Biomass,14.0,megawatts
2024,NE,Nebraska,TOT,All sectors,PET,Petroleum,373.7,megawatts
2024,NE,Nebraska,TOT,All sectors,PETGT,Petroleum - GT,249.3,megawatts
2024,NE,Nebraska,TOT,All sectors,PETIC,Petroleum - IC,124.4,megawatts
2024,NE,Nebraska,TOT,All sectors,SOL,Solar,136.5,megawatts
2024,NE,Nebraska,TOT,All sectors,SOLPV,Solar - PV,136.5,megawatts
2024,NE,Nebraska,TOT,All sectors,WND,Wind,3516.9,megawatts
2024,NH,New Hampshire,EU,Electric Utilities,ALL,All,5.1,megawatts
2024,NH,New Hampshire,EU,Electric Utilities,HYC,Hydroelectric,5.1,megawatts
2024,NH,New Hampshire,IPP,Independent Power Producers,ALL,All,4465.2,megawatts
2024,NH,New Hampshire,IPP,Independent Power Producers,BAT,Battery,14.0,megawatts
2024,NH,New Hampshire,IPP,Independent Power Producers,COL,Coal,533.9,megawatts
2024,NH,New Hampshire,IPP,Independent Power Producers,HYC,Hydroelectric,500.7,megawatts
2024,NH,New Hampshire,IPP,Independent Power Producers,NG,Natural Gas,1632.5,megawatts
2024,NH,New Hampshire,IPP,Independent Power Producers,NGCC,Natural Gas - CC,1228.5,megawatts
2024,NH,New Hampshire,IPP,Independent Power Producers,NGGT,Natural Gas - GT,3.8,megawatts
2024,NH,New Hampshire,IPP,Independent Power Producers,NGST,Natural Gas - ST,400.2,megawatts
2024,NH,New Hampshire,IPP,Independent Power Producers,NUC,Nuclear,1250.0,megawatts
2024,NH,New Hampshire,IPP,Independent Power Producers,OBM,Other Biomass,31.1,megawatts
2024,NH,New Hampshire,IPP,Independent Power Producers,PET,Petroleum,94.0,megawatts
2024,NH,New Hampshire,IPP,Independent Power Producers,PETGT,Petroleum - GT,82.1,megawatts
2024,NH,New Hampshire,IPP,Independent Power Producers,PETIC,Petroleum - IC,4.9,megawatts
2024,NH,New Hampshire,IPP,Independent Power Producers,PETST,Petroleum - ST,7.0,megawatts
2024,NH,New Hampshire,IPP,Independent Power Producers,SOL,Solar,2.4,megawatts
2024,NH,New Hampshire,IPP,Independent Power Producers,SOLPV,Solar - PV,2.4,megawatts
2024,NH,New Hampshire,IPP,Independent Power Producers,WND,Wind,211.9,megawatts
2024,NH,New Hampshire,IPP,Independent Power Producers,WOO,Wood,194.7,megawatts
2024,NH,New Hampshire,TOT,All sectors,ALL,All,4470.3,megawatts
2024,NH,New Hampshire,TOT,All sectors,BAT,Battery,14.0,megawatts
2024,NH,New Hampshire,TOT,All sectors,COL,Coal,533.9,megawatts
2024,NH,New Hampshire,TOT,All sectors,HYC,Hydroelectric,505.8,megawatts
2024,NH,New Hampshire,TOT,All sectors,NG,Natural Gas,1632.5,megawatts
2024,NH,New Hampshire,TOT,All sectors,NGCC,Natural Gas - CC,1228.5,megawatts
2024,NH,New Hampshire,TOT,All sectors,NGGT,Natural Gas - GT,3.8,megawatts
2024,NH,New Hampshire,TOT,All sectors,NGST,Natural Gas - ST,400.2,megawatts
2024,NH,New Hampshire,TOT,All sectors,NUC,Nuclear,1250.0,megawatts
2024,NH,New Hampshire,TOT,All sectors,OBM,Other Biomass,31.1,megawatts
2024,NH,New Hampshire,TOT,All sectors,PET,Petroleum,94.0,megawatts
2024,NH,New Hampshire,TOT,All sectors,PETGT,Petroleum - GT,82.1,megawatts
2024,NH,New Hampshire,TOT,All sectors,PETIC,Petroleum - IC,4.9,megawatts
2024,NH,New Hampshire,TOT,All sectors,PETST,Petroleum - ST,7.0,megawatts
2024,NH,New Hampshire,TOT,All sectors,SOL,Solar,2.4,megawatts
2024,NH,New Hampshire,TOT,All sectors,SOLPV,Solar - PV,2.4,megawatts
2024,NH,New Hampshire,TOT,All sectors,WND,Wind,211.9,megawatts
2024,NH,New Hampshire,TOT,All sectors,WOO,Wood,194.7,megawatts
2024,NJ,New Jersey,EU,Electric Utilities,ALL,All,206.0,megawatts
2024,NJ,New Jersey,EU,Electric Utilities,BAT,Battery,2.1,megawatts
2024,NJ,New Jersey,EU,Electric Utilities,NG,Natural Gas,110.0,megawatts
2024,NJ,New Jersey,EU,Electric Utilities,NGGT,Natural Gas - GT,110.0,megawatts
2024,NJ,New Jersey,EU,Electric Utilities,PET,Petroleum,6.0,megawatts
2024,NJ,New Jersey,EU,Electric Utilities,PETIC,Petroleum - IC,6.0,megawatts
2024,NJ,New Jersey,EU,Electric Utilities,SOL,Solar,87.9,megawatts
2024,NJ,New Jersey,EU,Electric Utilities,SOLPV,Solar - PV,87.9,megawatts
2024,NJ,New Jersey,IPP,Independent Power Producers,ALL,All,16399.8,megawatts
2024,NJ,New Jersey,IPP,Independent Power Producers,BAT,Battery,107.6,megawatts
2024,NJ,New Jersey,IPP,Independent Power Producers,HPS,Pumped Storage,416.1,megawatts
2024,NJ,New Jersey,IPP,Independent Power Producers,HYC,Hydroelectric,12.3,megawatts
2024,NJ,New Jersey,IPP,Independent Power Producers,NG,Natural Gas,10783.1,megawatts
2024,NJ,New Jersey,IPP,Independent Power Producers,NGCC,Natural Gas - CC,8222.0,megawatts
2024,NJ,New Jersey,IPP,Independent Power Producers,NGGT,Natural Gas - GT,2494.2,megawatts
2024,NJ,New Jersey,IPP,Independent Power Producers,NGIC,Natural Gas - IC,32.8,megawatts
2024,NJ,New Jersey,IPP,Independent Power Producers,NGOTH,Natural Gas - OTH,12.6,megawatts
2024,NJ,New Jersey,IPP,Independent Power Producers,NGST,Natural Gas - ST,21.5,megawatts
2024,NJ,New Jersey,IPP,Independent Power Producers,NUC,Nuclear,3456.7,megawatts
2024,NJ,New Jersey,IPP,Independent Power Producers,OBM,Other Biomass,188.7,megawatts
2024,NJ,New Jersey,IPP,Independent Power Producers,OOG,Other Gas,29.0,megawatts
2024,NJ,New Jersey,IPP,Independent Power Producers,OT,Other,11.2,megawatts
2024,NJ,New Jersey,IPP,Independent Power Producers,PET,Petroleum,295.7,megawatts
2024,NJ,New Jersey,IPP,Independent Power Producers,PETGT,Petroleum - GT,255.3,megawatts
2024,NJ,New Jersey,IPP,Independent Power Producers,PETIC,Petroleum - IC,28.8,megawatts
2024,NJ,New Jersey,IPP,Independent Power Producers,PETOTH,Petroleum - OTH,11.6,megawatts
2024,NJ,New Jersey,IPP,Independent Power Producers,SOL,Solar,1091.8,megawatts
2024,NJ,New Jersey,IPP,Independent Power Producers,SOLPV,Solar - PV,1091.8,megawatts
2024,NJ,New Jersey,IPP,Independent Power Producers,WND,Wind,7.6,megawatts
2024,NJ,New Jersey,TOT,All sectors,ALL,All,16605.8,megawatts
2024,NJ,New Jersey,TOT,All sectors,BAT,Battery,109.7,megawatts
2024,NJ,New Jersey,TOT,All sectors,HPS,Pumped Storage,416.1,megawatts
2024,NJ,New Jersey,TOT,All sectors,HYC,Hydroelectric,12.3,megawatts
2024,NJ,New Jersey,TOT,All sectors,NG,Natural Gas,10893.1,megawatts
2024,NJ,New Jersey,TOT,All sectors,NGCC,Natural Gas - CC,8222.0,megawatts
2024,NJ,New Jersey,TOT,All sectors,NGGT,Natural Gas - GT,2604.2,megawatts
2024,NJ,New Jersey,TOT,All sectors,NGIC,Natural Gas - IC,32.8,megawatts
2024,NJ,New Jersey,TOT,All sectors,NGOTH,Natural Gas - OTH,12.6,megawatts
2024,NJ,New Jersey,TOT,All sectors,NGST,Natural Gas - ST,21.5,megawatts
2024,NJ,New Jersey,TOT,All sectors,NUC,Nuclear,3456.7,megawatts
2024,NJ,New Jersey,TOT,All sectors,OBM,Other Biomass,188.7,megawatts
2024,NJ,New Jersey,TOT,All sectors,OOG,Other Gas,29.0,megawatts
2024,NJ,New Jersey,TOT,All sectors,OT,Other,11.2,megawatts
2024,NJ,New Jersey,TOT,All sectors,PET,Petroleum,301.7,megawatts
2024,NJ,New Jersey,TOT,All sectors,PETGT,Petroleum - GT,255.3,megawatts
2024,NJ,New Jersey,TOT,All sectors,PETIC,Petroleum - IC,34.8,megawatts
2024,NJ,New Jersey,TOT,All sectors,PETOTH,Petroleum - OTH,11.6,megawatts
2024,NJ,New Jersey,TOT,All sectors,SOL,Solar,1179.7,megawatts
2024,NJ,New Jersey,TOT,All sectors,SOLPV,Solar - PV,1179.7,megawatts
2024,NJ,New Jersey,TOT,All sectors,WND,Wind,7.6,megawatts
2024,NM,New Mexico,EU,Electric Utilities,ALL,All,4589.4,megawatts
2024,NM,New Mexico,EU,Electric Utilities,BAT,Battery,18.0,megawatts
2024,NM,New Mexico,EU,Electric Utilities,COL,Coal,1540.0,megawatts
2024,NM,New Mexico,EU,Electric Utilities,HYC,Hydroelectric,82.7,megawatts
2024,NM,New Mexico,EU,Electric Utilities,NG,Natural Gas,2402.4,megawatts
2024,NM,New Mexico,EU,Electric Utilities,NGCC,Natural Gas - CC,855.6,megawatts
2024,NM,New Mexico,EU,Electric Utilities,NGGT,Natural Gas - GT,782.3,megawatts
2024,NM,New Mexico,EU,Electric Utilities,NGIC,Natural Gas - IC,43.5,megawatts
2024,NM,New Mexico,EU,Electric Utilities,NGST,Natural Gas - ST,721.0,megawatts
2024,NM,New Mexico,EU,Electric Utilities,PET,Petroleum,17.0,megawatts
2024,NM,New Mexico,EU,Electric Utilities,PETGT,Petroleum - GT,17.0,megawatts
2024,NM,New Mexico,EU,Electric Utilities,SOL,Solar,189.5,megawatts
2024,NM,New Mexico,EU,Electric Utilities,SOLPV,Solar - PV,189.5,megawatts
2024,NM,New Mexico,EU,Electric Utilities,WND,Wind,339.8,megawatts
2024,NM,New Mexico,IPP,Independent Power Producers,ALL,All,7298.0,megawatts
2024,NM,New Mexico,IPP,Independent Power Producers,BAT,Battery,671.0,megawatts
2024,NM,New Mexico,IPP,Independent Power Producers,GEO,Geothermal,8.6,megawatts
2024,NM,New Mexico,IPP,Independent Power Producers,NG,Natural Gas,792.7,megawatts
2024,NM,New Mexico,IPP,Independent Power Producers,NGCC,Natural Gas - CC,628.5,megawatts
2024,NM,New Mexico,IPP,Independent Power Producers,NGGT,Natural Gas - GT,161.0,megawatts
2024,NM,New Mexico,IPP,Independent Power Producers,NGIC,Natural Gas - IC,3.2,megawatts
2024,NM,New Mexico,IPP,Independent Power Producers,OBM,Other Biomass,6.4,megawatts
2024,NM,New Mexico,IPP,Independent Power Producers,OT,Other,0.7,megawatts
2024,NM,New Mexico,IPP,Independent Power Producers,PET,Petroleum,29.0,megawatts
2024,NM,New Mexico,IPP,Independent Power Producers,PETIC,Petroleum - IC,29.0,megawatts
2024,NM,New Mexico,IPP,Independent Power Producers,SOL,Solar,2132.4,megawatts
2024,NM,New Mexico,IPP,Independent Power Producers,SOLPV,Solar - PV,2132.4,megawatts
2024,NM,New Mexico,IPP,Independent Power Producers,WND,Wind,3657.2,megawatts
2024,NM,New Mexico,TOT,All sectors,ALL,All,11887.4,megawatts
2024,NM,New Mexico,TOT,All sectors,BAT,Battery,689.0,megawatts
2024,NM,New Mexico,TOT,All sectors,COL,Coal,1540.0,megawatts
2024,NM,New Mexico,TOT,All sectors,GEO,Geothermal,8.6,megawatts
2024,NM,New Mexico,TOT,All sectors,HYC,Hydroelectric,82.7,megawatts
2024,NM,New Mexico,TOT,All sectors,NG,Natural Gas,3195.1,megawatts
2024,NM,New Mexico,TOT,All sectors,NGCC,Natural Gas - CC,1484.1,megawatts
2024,NM,New Mexico,TOT,All sectors,NGGT,Natural Gas - GT,943.3,megawatts
2024,NM,New Mexico,TOT,All sectors,NGIC,Natural Gas - IC,46.7,megawatts
2024,NM,New Mexico,TOT,All sectors,NGST,Natural Gas - ST,721.0,megawatts
2024,NM,New Mexico,TOT,All sectors,OBM,Other Biomass,6.4,megawatts
2024,NM,New Mexico,TOT,All sectors,OT,Other,0.7,megawatts
2024,NM,New Mexico,TOT,All sectors,PET,Petroleum,46.0,megawatts
2024,NM,New Mexico,TOT,All sectors,PETGT,Petroleum - GT,17.0,megawatts
2024,NM,New Mexico,TOT,All sectors,PETIC,Petroleum - IC,29.0,megawatts
2024,NM,New Mexico,TOT,All sectors,SOL,Solar,2321.9,megawatts
2024,NM,New Mexico,TOT,All sectors,SOLPV,Solar - PV,2321.9,megawatts
2024,NM,New Mexico,TOT,All sectors,WND,Wind,3997.0,megawatts
2024,NV,Nevada,EU,Electric Utilities,ALL,All,9507.9,megawatts
2024,NV,Nevada,EU,Electric Utilities,BAT,Battery,330.0,megawatts
2024,NV,Nevada,EU,Electric Utilities,COL,Coal,522.0,megawatts
2024,NV,Nevada,EU,Electric Utilities,HYC,Hydroelectric,1039.4,megawatts
2024,NV,Nevada,EU,Electric Utilities,NG,Natural Gas,7379.0,megawatts
2024,NV,Nevada,EU,Electric Utilities,NGCC,Natural Gas - CC,5423.4,megawatts
2024,NV,Nevada,EU,Electric Utilities,NGGT,Natural Gas - GT,1621.6,megawatts
2024,NV,Nevada,EU,Electric Utilities,NGST,Natural Gas - ST,334.0,megawatts
2024,NV,Nevada,EU,Electric Utilities,OT,Other,6.5,megawatts
2024,NV,Nevada,EU,Electric Utilities,PET,Petroleum,6.0,megawatts
2024,NV,Nevada,EU,Electric Utilities,PETIC,Petroleum - IC,6.0,megawatts
2024,NV,Nevada,EU,Electric Utilities,SOL,Solar,225.0,megawatts
2024,NV,Nevada,EU,Electric Utilities,SOLPV,Solar - PV,225.0,megawatts
2024,NV,Nevada,IPP,Independent Power Producers,ALL,All,7217.3,megawatts
2024,NV,Nevada,IPP,Independent Power Producers,BAT,Battery,778.8,megawatts
2024,NV,Nevada,IPP,Independent Power Producers,COL,Coal,218.4,megawatts
2024,NV,Nevada,IPP,Independent Power Producers,GEO,Geothermal,662.5,megawatts
2024,NV,Nevada,IPP,Independent Power Producers,HYC,Hydroelectric,12.3,megawatts
2024,NV,Nevada,IPP,Independent Power Producers,NG,Natural Gas,403.6,megawatts
2024,NV,Nevada,IPP,Independent Power Producers,NGCC,Natural Gas - CC,279.6,megawatts
2024,NV,Nevada,IPP,Independent Power Producers,NGGT,Natural Gas - GT,8.0,megawatts
2024,NV,Nevada,IPP,Independent Power Producers,NGIC,Natural Gas - IC,116.0,megawatts
2024,NV,Nevada,IPP,Independent Power Producers,OBM,Other Biomass,9.8,megawatts
2024,NV,Nevada,IPP,Independent Power Producers,SOL,Solar,4981.9,megawatts
2024,NV,Nevada,IPP,Independent Power Producers,SOLPV,Solar - PV,4803.4,megawatts
2024,NV,Nevada,IPP,Independent Power Producers,SOLTH,Solar - TH,178.5,megawatts
2024,NV,Nevada,IPP,Independent Power Producers,WND,Wind,150.0,megawatts
2024,NV,Nevada,TOT,All sectors,ALL,All,16725.2,megawatts
2024,NV,Nevada,TOT,All sectors,BAT,Battery,1108.8,megawatts
2024,NV,Nevada,TOT,All sectors,COL,Coal,740.4,megawatts
2024,NV,Nevada,TOT,All sectors,GEO,Geothermal,662.5,megawatts
2024,NV,Nevada,TOT,All sectors,HYC,Hydroelectric,1051.7,megawatts
2024,NV,Nevada,TOT,All sectors,NG,Natural Gas,7782.6,megawatts
2024,NV,Nevada,TOT,All sectors,NGCC,Natural Gas - CC,5703.0,megawatts
2024,NV,Nevada,TOT,All sectors,NGGT,Natural Gas - GT,1629.6,megawatts
2024,NV,Nevada,TOT,All sectors,NGIC,Natural Gas - IC,116.0,megawatts
2024,NV,Nevada,TOT,All sectors,NGST,Natural Gas - ST,334.0,megawatts
2024,NV,Nevada,TOT,All sectors,OBM,Other Biomass,9.8,megawatts
2024,NV,Nevada,TOT,All sectors,OT,Other,6.5,megawatts
2024,NV,Nevada,TOT,All sectors,PET,Petroleum,6.0,megawatts
2024,NV,Nevada,TOT,All sectors,PETIC,Petroleum - IC,6.0,megawatts
2024,NV,Nevada,TOT,All sectors,SOL,Solar,5206.9,megawatts
2024,NV,Nevada,TOT,All sectors,SOLPV,Solar - PV,5028.4,megawatts
2024,NV,Nevada,TOT,All sectors,SOLTH,Solar - TH,178.5,megawatts
2024,NV,Nevada,TOT,All sectors,WND,Wind,150.0,megawatts
2024,NY,New York,EU,Electric Utilities,ALL,All,10816.0,megawatts
2024,NY,New York,EU,Electric Utilities,BAT,Battery,34.0,megawatts
2024,NY,New York,EU,Electric Utilities,HPS,Pumped Storage,1409.8,megawatts
2024,NY,New York,EU,Electric Utilities,HYC,Hydroelectric,3525.5,megawatts
2024,NY,New York,EU,Electric Utilities,NG,Natural Gas,4699.5,megawatts
2024,NY,New York,EU,Electric Utilities,NGCC,Natural Gas - CC,615.5,megawatts
2024,NY,New York,EU,Electric Utilities,NGGT,Natural Gas - GT,1337.8,megawatts
2024,NY,New York,EU,Electric Utilities,NGIC,Natural Gas - IC,28.8,megawatts
2024,NY,New York,EU,Electric Utilities,NGST,Natural Gas - ST,2717.4,megawatts
2024,NY,New York,EU,Electric Utilities,PET,Petroleum,1147.2,megawatts
2024,NY,New York,EU,Electric Utilities,PETGT,Petroleum - GT,1122.0,megawatts
2024,NY,New York,EU,Electric Utilities,PETIC,Petroleum - IC,25.2,megawatts
2024,NY,New York,IPP,Independent Power Producers,ALL,All,30471.7,megawatts
2024,NY,New York,IPP,Independent Power Producers,BAT,Battery,184.1,megawatts
2024,NY,New York,IPP,Independent Power Producers,HYC,Hydroelectric,1037.9,megawatts
2024,NY,New York,IPP,Independent Power Producers,NG,Natural Gas,17580.6,megawatts
2024,NY,New York,IPP,Independent Power Producers,NGCC,Natural Gas - CC,9311.6,megawatts
2024,NY,New York,IPP,Independent Power Producers,NGGT,Natural Gas - GT,1060.3,megawatts
2024,NY,New York,IPP,Independent Power Producers,NGIC,Natural Gas - IC,49.8,megawatts
2024,NY,New York,IPP,Independent Power Producers,NGOTH,Natural Gas - OTH,57.7,megawatts
2024,NY,New York,IPP,Independent Power Producers,NGST,Natural Gas - ST,7101.2,megawatts
2024,NY,New York,IPP,Independent Power Producers,NUC,Nuclear,3330.4,megawatts
2024,NY,New York,IPP,Independent Power Producers,OBM,Other Biomass,377.3,megawatts
2024,NY,New York,IPP,Independent Power Producers,OT,Other,20.0,megawatts
2024,NY,New York,IPP,Independent Power Producers,PET,Petroleum,2378.1,megawatts
2024,NY,New York,IPP,Independent Power Producers,PETGT,Petroleum - GT,478.1,megawatts
2024,NY,New York,IPP,Independent Power Producers,PETIC,Petroleum - IC,289.4,megawatts
2024,NY,New York,IPP,Independent Power Producers,PETST,Petroleum - ST,1610.6,megawatts
2024,NY,New York,IPP,Independent Power Producers,SOL,Solar,2670.6,megawatts
2024,NY,New York,IPP,Independent Power Producers,SOLPV,Solar - PV,2670.6,megawatts
2024,NY,New York,IPP,Independent Power Producers,WND,Wind,2869.7,megawatts
2024,NY,New York,IPP,Independent Power Producers,WOO,Wood,23.0,megawatts
2024,NY,New York,TOT,All sectors,ALL,All,41287.7,megawatts
2024,NY,New York,TOT,All sectors,BAT,Battery,218.1,megawatts
2024,NY,New York,TOT,All sectors,HPS,Pumped Storage,1409.8,megawatts
2024,NY,New York,TOT,All sectors,HYC,Hydroelectric,4563.4,megawatts
2024,NY,New York,TOT,All sectors,NG,Natural Gas,22280.1,megawatts
2024,NY,New York,TOT,All sectors,NGCC,Natural Gas - CC,9927.1,megawatts
2024,NY,New York,TOT,All sectors,NGGT,Natural Gas - GT,2398.1,megawatts
2024,NY,New York,TOT,All sectors,NGIC,Natural Gas - IC,78.6,megawatts
2024,NY,New York,TOT,All sectors,NGOTH,Natural Gas - OTH,57.7,megawatts
2024,NY,New York,TOT,All sectors,NGST,Natural Gas - ST,9818.6,megawatts
2024,NY,New York,TOT,All sectors,NUC,Nuclear,3330.4,megawatts
2024,NY,New York,TOT,All sectors,OBM,Other Biomass,377.3,megawatts
2024,NY,New York,TOT,All sectors,OT,Other,20.0,megawatts
2024,NY,New York,TOT,All sectors,PET,Petroleum,3525.3,megawatts
2024,NY,New York,TOT,All sectors,PETGT,Petroleum - GT,1600.1,megawatts
2024,NY,New York,TOT,All sectors,PETIC,Petroleum - IC,314.6,megawatts
2024,NY,New York,TOT,All sectors,PETST,Petroleum - ST,1610.6,megawatts
2024,NY,New York,TOT,All sectors,SOL,Solar,2670.6,megawatts
2024,NY,New York,TOT,All sectors,SOLPV,Solar - PV,2670.6,megawatts
2024,NY,New York,TOT,All sectors,WND,Wind,2869.7,megawatts
2024,NY,New York,TOT,All sectors,WOO,Wood,23.0,megawatts
2024,OH,Ohio,EU,Electric Utilities,ALL,All,4648.5,megawatts
2024,OH,Ohio,EU,Electric Utilities,BAT,Battery,4.0,megawatts
2024,OH,Ohio,EU,Electric Utilities,COL,Coal,1088.5,megawatts
2024,OH,Ohio,EU,Electric Utilities,HYC,Hydroelectric,81.9,megawatts
2024,OH,Ohio,EU,Electric Utilities,NG,Natural Gas,3225.2,megawatts
2024,OH,Ohio,EU,Electric Utilities,NGCC,Natural Gas - CC,1225.1,megawatts
2024,OH,Ohio,EU,Electric Utilities,NGGT,Natural Gas - GT,1949.7,megawatts
2024,OH,Ohio,EU,Electric Utilities,NGIC,Natural Gas - IC,27.4,megawatts
2024,OH,Ohio,EU,Electric Utilities,NGST,Natural Gas - ST,23.0,megawatts
2024,OH,Ohio,EU,Electric Utilities,OBM,Other Biomass,8.4,megawatts
2024,OH,Ohio,EU,Electric Utilities,PET,Petroleum,228.0,megawatts
2024,OH,Ohio,EU,Electric Utilities,PETGT,Petroleum - GT,64.5,megawatts
2024,OH,Ohio,EU,Electric Utilities,PETIC,Petroleum - IC,163.5,megawatts
2024,OH,Ohio,EU,Electric Utilities,SOL,Solar,5.3,megawatts
2024,OH,Ohio,EU,Electric Utilities,SOLPV,Solar - PV,5.3,megawatts
2024,OH,Ohio,EU,Electric Utilities,WND,Wind,7.2,megawatts
2024,OH,Ohio,IPP,Independent Power Producers,ALL,All,25842.2,megawatts
2024,OH,Ohio,IPP,Independent Power Producers,BAT,Battery,30.8,megawatts
2024,OH,Ohio,IPP,Independent Power Producers,COL,Coal,5532.0,megawatts
2024,OH,Ohio,IPP,Independent Power Producers,HYC,Hydroelectric,20.0,megawatts
2024,OH,Ohio,IPP,Independent Power Producers,NG,Natural Gas,13139.8,megawatts
2024,OH,Ohio,IPP,Independent Power Producers,NGCC,Natural Gas - CC,9327.5,megawatts
2024,OH,Ohio,IPP,Independent Power Producers,NGGT,Natural Gas - GT,3771.3,megawatts
2024,OH,Ohio,IPP,Independent Power Producers,NGIC,Natural Gas - IC,10.0,megawatts
2024,OH,Ohio,IPP,Independent Power Producers,NGST,Natural Gas - ST,31.0,megawatts
2024,OH,Ohio,IPP,Independent Power Producers,NUC,Nuclear,2134.0,megawatts
2024,OH,Ohio,IPP,Independent Power Producers,OBM,Other Biomass,28.9,megawatts
2024,OH,Ohio,IPP,Independent Power Producers,OOG,Other Gas,183.4,megawatts
2024,OH,Ohio,IPP,Independent Power Producers,PET,Petroleum,420.5,megawatts
2024,OH,Ohio,IPP,Independent Power Producers,PETGT,Petroleum - GT,225.2,megawatts
2024,OH,Ohio,IPP,Independent Power Producers,PETIC,Petroleum - IC,49.8,megawatts
2024,OH,Ohio,IPP,Independent Power Producers,PETOTH,Petroleum - OTH,6.0,megawatts
2024,OH,Ohio,IPP,Independent Power Producers,PETST,Petroleum - ST,139.5,megawatts
2024,OH,Ohio,IPP,Independent Power Producers,SOL,Solar,3231.2,megawatts
2024,OH,Ohio,IPP,Independent Power Producers,SOLPV,Solar - PV,3231.2,megawatts
2024,OH,Ohio,IPP,Independent Power Producers,WND,Wind,1094.6,megawatts
2024,OH,Ohio,IPP,Independent Power Producers,WOO,Wood,27.0,megawatts
2024,OH,Ohio,TOT,All sectors,ALL,All,30490.7,megawatts
2024,OH,Ohio,TOT,All sectors,BAT,Battery,34.8,megawatts
2024,OH,Ohio,TOT,All sectors,COL,Coal,6620.5,megawatts
2024,OH,Ohio,TOT,All sectors,HYC,Hydroelectric,101.9,megawatts
2024,OH,Ohio,TOT,All sectors,NG,Natural Gas,16365.0,megawatts
2024,OH,Ohio,TOT,All sectors,NGCC,Natural Gas - CC,10552.6,megawatts
2024,OH,Ohio,TOT,All sectors,NGGT,Natural Gas - GT,5721.0,megawatts
2024,OH,Ohio,TOT,All sectors,NGIC,Natural Gas - IC,37.4,megawatts
2024,OH,Ohio,TOT,All sectors,NGST,Natural Gas - ST,54.0,megawatts
2024,OH,Ohio,TOT,All sectors,NUC,Nuclear,2134.0,megawatts
2024,OH,Ohio,TOT,All sectors,OBM,Other Biomass,37.3,megawatts
2024,OH,Ohio,TOT,All sectors,OOG,Other Gas,183.4,megawatts
2024,OH,Ohio,TOT,All sectors,PET,Petroleum,648.5,megawatts
2024,OH,Ohio,TOT,All sectors,PETGT,Petroleum - GT,289.7,megawatts
2024,OH,Ohio,TOT,All sectors,PETIC,Petroleum - IC,213.3,megawatts
2024,OH,Ohio,TOT,All sectors,PETOTH,Petroleum - OTH,6.0,megawatts
2024,OH,Ohio,TOT,All sectors,PETST,Petroleum - ST,139.5,megawatts
2024,OH,Ohio,TOT,All sectors,SOL,Solar,3236.5,megawatts
2024,OH,Ohio,TOT,All sectors,SOLPV,Solar - PV,3236.5,megawatts
2024,OH,Ohio,TOT,All sectors,WND,Wind,1101.8,megawatts
2024,OH,Ohio,TOT,All sectors,WOO,Wood,27.0,megawatts
2024,OK,Oklahoma,EU,Electric Utilities,ALL,All,18058.1,megawatts
2024,OK,Oklahoma,EU,Electric Utilities,COL,Coal,3258.9,megawatts
2024,OK,Oklahoma,EU,Electric Utilities,HPS,Pumped Storage,241.5,megawatts
2024,OK,Oklahoma,EU,Electric Utilities,HYC,Hydroelectric,832.4,megawatts
2024,OK,Oklahoma,EU,Electric Utilities,NG,Natural Gas,11350.1,megawatts
2024,OK,Oklahoma,EU,Electric Utilities,NGCC,Natural Gas - CC,4217.3,megawatts
2024,OK,Oklahoma,EU,Electric Utilities,NGGT,Natural Gas - GT,1653.2,megawatts
2024,OK,Oklahoma,EU,Electric Utilities,NGIC,Natural Gas - IC,159.1,megawatts
2024,OK,Oklahoma,EU,Electric Utilities,NGST,Natural Gas - ST,5320.5,megawatts
2024,OK,Oklahoma,EU,Electric Utilities,PET,Petroleum,35.9,megawatts
2024,OK,Oklahoma,EU,Electric Utilities,PETIC,Petroleum - IC,35.9,megawatts
2024,OK,Oklahoma,EU,Electric Utilities,SOL,Solar,51.5,megawatts
2024,OK,Oklahoma,EU,Electric Utilities,SOLPV,Solar - PV,51.5,megawatts
2024,OK,Oklahoma,EU,Electric Utilities,WND,Wind,2287.8,megawatts
2024,OK,Oklahoma,IPP,Independent Power Producers,ALL,All,13848.5,megawatts
2024,OK,Oklahoma,IPP,Independent Power Producers,BAT,Battery,10.0,megawatts
2024,OK,Oklahoma,IPP,Independent Power Producers,NG,Natural Gas,3170.6,megawatts
2024,OK,Oklahoma,IPP,Independent Power Producers,NGCC,Natural Gas - CC,3082.4,megawatts
2024,OK,Oklahoma,IPP,Independent Power Producers,NGIC,Natural Gas - IC,3.9,megawatts
2024,OK,Oklahoma,IPP,Independent Power Producers,NGST,Natural Gas - ST,84.3,megawatts
2024,OK,Oklahoma,IPP,Independent Power Producers,OBM,Other Biomass,18.4,megawatts
2024,OK,Oklahoma,IPP,Independent Power Producers,PET,Petroleum,9.3,megawatts
2024,OK,Oklahoma,IPP,Independent Power Producers,PETIC,Petroleum - IC,9.3,megawatts
2024,OK,Oklahoma,IPP,Independent Power Producers,SOL,Solar,122.0,megawatts
2024,OK,Oklahoma,IPP,Independent Power Producers,SOLPV,Solar - PV,122.0,megawatts
2024,OK,Oklahoma,IPP,Independent Power Producers,WND,Wind,10460.4,megawatts
2024,OK,Oklahoma,IPP,Independent Power Producers,WOO,Wood,57.8,megawatts
2024,OK,Oklahoma,TOT,All sectors,ALL,All,31906.6,megawatts
2024,OK,Oklahoma,TOT,All sectors,BAT,Battery,10.0,megawatts
2024,OK,Oklahoma,TOT,All sectors,COL,Coal,3258.9,megawatts
2024,OK,Oklahoma,TOT,All sectors,HPS,Pumped Storage,241.5,megawatts
2024,OK,Oklahoma,TOT,All sectors,HYC,Hydroelectric,832.4,megawatts
2024,OK,Oklahoma,TOT,All sectors,NG,Natural Gas,14520.7,megawatts
2024,OK,Oklahoma,TOT,All sectors,NGCC,Natural Gas - CC,7299.7,megawatts
2024,OK,Oklahoma,TOT,All sectors,NGGT,Natural Gas - GT,1653.2,megawatts
2024,OK,Oklahoma,TOT,All sectors,NGIC,Natural Gas - IC,163.0,megawatts
2024,OK,Oklahoma,TOT,All sectors,NGST,Natural Gas - ST,5404.8,megawatts
2024,OK,Oklahoma,TOT,All sectors,OBM,Other Biomass,18.4,megawatts
2024,OK,Oklahoma,TOT,All sectors,PET,Petroleum,45.2,megawatts
2024,OK,Oklahoma,TOT,All sectors,PETIC,Petroleum - IC,45.2,megawatts
2024,OK,Oklahoma,TOT,All sectors,SOL,Solar,173.5,megawatts
2024,OK,Oklahoma,TOT,All sectors,SOLPV,Solar - PV,173.5,megawatts
2024,OK,Oklahoma,TOT,All sectors,WND,Wind,12748.2,megawatts
2024,OK,Oklahoma,TOT,All sectors,WOO,Wood,57.8,megawatts
2024,OR,Oregon,EU,Electric Utilities,ALL,All,11010.6,megawatts
2024,OR,Oregon,EU,Electric Utilities,BAT,Battery,92.0,megawatts
2024,OR,Oregon,EU,Electric Utilities,GEO,Geothermal,1.8,megawatts
2024,OR,Oregon,EU,Electric Utilities,HYC,Hydroelectric,8194.5,megawatts
2024,OR,Oregon,EU,Electric Utilities,NG,Natural Gas,2059.9,megawatts
2024,OR,Oregon,EU,Electric Utilities,NGCC,Natural Gas - CC,1811.5,megawatts
2024,OR,Oregon,EU,Electric Utilities,NGGT,Natural Gas - GT,24.0,megawatts
2024,OR,Oregon,EU,Electric Utilities,NGIC,Natural Gas - IC,224.4,megawatts
2024,OR,Oregon,EU,Electric Utilities,OBM,Other Biomass,8.8,megawatts
2024,OR,Oregon,EU,Electric Utilities,SOL,Solar,3.4,megawatts
2024,OR,Oregon,EU,Electric Utilities,SOLPV,Solar - PV,3.4,megawatts
2024,OR,Oregon,EU,Electric Utilities,WND,Wind,650.2,megawatts
2024,OR,Oregon,IPP,Independent Power Producers,ALL,All,6681.1,megawatts
2024,OR,Oregon,IPP,Independent Power Producers,BAT,Battery,230.0,megawatts
2024,OR,Oregon,IPP,Independent Power Producers,GEO,Geothermal,17.7,megawatts
2024,OR,Oregon,IPP,Independent Power Producers,HYC,Hydroelectric,69.7,megawatts
2024,OR,Oregon,IPP,Independent Power Producers,NG,Natural Gas,1702.5,megawatts
2024,OR,Oregon,IPP,Independent Power Producers,NGCC,Natural Gas - CC,1597.7,megawatts
2024,OR,Oregon,IPP,Independent Power Producers,NGGT,Natural Gas - GT,100.0,megawatts
2024,OR,Oregon,IPP,Independent Power Producers,NGIC,Natural Gas - IC,4.8,megawatts
2024,OR,Oregon,IPP,Independent Power Producers,OBM,Other Biomass,43.8,megawatts
2024,OR,Oregon,IPP,Independent Power Producers,PET,Petroleum,6.6,megawatts
2024,OR,Oregon,IPP,Independent Power Producers,PETIC,Petroleum - IC,6.6,megawatts
2024,OR,Oregon,IPP,Independent Power Producers,SOL,Solar,1048.3,megawatts
2024,OR,Oregon,IPP,Independent Power Producers,SOLPV,Solar - PV,1048.3,megawatts
2024,OR,Oregon,IPP,Independent Power Producers,WND,Wind,3320.2,megawatts
2024,OR,Oregon,IPP,Independent Power Producers,WOO,Wood,242.3,megawatts
2024,OR,Oregon,TOT,All sectors,ALL,All,17691.7,megawatts
2024,OR,Oregon,TOT,All sectors,BAT,Battery,322.0,megawatts
2024,OR,Oregon,TOT,All sectors,GEO,Geothermal,19.5,megawatts
2024,OR,Oregon,TOT,All sectors,HYC,Hydroelectric,8264.2,megawatts
2024,OR,Oregon,TOT,All sectors,NG,Natural Gas,3762.4,megawatts
2024,OR,Oregon,TOT,All sectors,NGCC,Natural Gas - CC,3409.2,megawatts
2024,OR,Oregon,TOT,All sectors,NGGT,Natural Gas - GT,124.0,megawatts
2024,OR,Oregon,TOT,All sectors,NGIC,Natural Gas - IC,229.2,megawatts
2024,OR,Oregon,TOT,All sectors,OBM,Other Biomass,52.6,megawatts
2024,OR,Oregon,TOT,All sectors,PET,Petroleum,6.6,megawatts
2024,OR,Oregon,TOT,All sectors,PETIC,Petroleum - IC,6.6,megawatts
2024,OR,Oregon,TOT,All sectors,SOL,Solar,1051.7,megawatts
2024,OR,Oregon,TOT,All sectors,SOLPV,Solar - PV,1051.7,megawatts
2024,OR,Oregon,TOT,All sectors,WND,Wind,3970.4,megawatts
2024,OR,Oregon,TOT,All sectors,WOO,Wood,242.3,megawatts
2024,PA,Pennsylvania,EU,Electric Utilities,ALL,All,86.3,megawatts
2024,PA,Pennsylvania,EU,Electric Utilities,HYC,Hydroelectric,8.4,megawatts
2024,PA,Pennsylvania,EU,Electric Utilities,NG,Natural Gas,30.3,megawatts
2024,PA,Pennsylvania,EU,Electric Utilities,NGIC,Natural Gas - IC,30.3,megawatts
2024,PA,Pennsylvania,EU,Electric Utilities,PET,Petroleum,47.6,megawatts
2024,PA,Pennsylvania,EU,Electric Utilities,PETIC,Petroleum - IC,47.6,megawatts
2024,PA,Pennsylvania,IPP,Independent Power Producers,ALL,All,48769.4,megawatts
2024,PA,Pennsylvania,IPP,Independent Power Producers,BAT,Battery,34.6,megawatts
2024,PA,Pennsylvania,IPP,Independent Power Producers,COL,Coal,5382.6,megawatts
2024,PA,Pennsylvania,IPP,Independent Power Producers,HPS,Pumped Storage,1491.5,megawatts
2024,PA,Pennsylvania,IPP,Independent Power Producers,HYC,Hydroelectric,921.1,megawatts
2024,PA,Pennsylvania,IPP,Independent Power Producers,NG,Natural Gas,26792.9,megawatts
2024,PA,Pennsylvania,IPP,Independent Power Producers,NGCC,Natural Gas - CC,19001.0,megawatts
2024,PA,Pennsylvania,IPP,Independent Power Producers,NGGT,Natural Gas - GT,1912.5,megawatts
2024,PA,Pennsylvania,IPP,Independent Power Producers,NGIC,Natural Gas - IC,232.3,megawatts
2024,PA,Pennsylvania,IPP,Independent Power Producers,NGST,Natural Gas - ST,5647.1,megawatts
2024,PA,Pennsylvania,IPP,Independent Power Producers,NUC,Nuclear,9896.0,megawatts
2024,PA,Pennsylvania,IPP,Independent Power Producers,OBM,Other Biomass,351.6,megawatts
2024,PA,Pennsylvania,IPP,Independent Power Producers,OOG,Other Gas,85.9,megawatts
2024,PA,Pennsylvania,IPP,Independent Power Producers,OT,Other,20.0,megawatts
2024,PA,Pennsylvania,IPP,Independent Power Producers,PET,Petroleum,1286.5,megawatts
2024,PA,Pennsylvania,IPP,Independent Power Producers,PETGT,Petroleum - GT,1233.2,megawatts
2024,PA,Pennsylvania,IPP,Independent Power Producers,PETIC,Petroleum - IC,53.3,megawatts
2024,PA,Pennsylvania,IPP,Independent Power Producers,SOL,Solar,873.9,megawatts
2024,PA,Pennsylvania,IPP,Independent Power Producers,SOLPV,Solar - PV,873.9,megawatts
2024,PA,Pennsylvania,IPP,Independent Power Producers,WND,Wind,1552.6,megawatts
2024,PA,Pennsylvania,IPP,Independent Power Producers,WOO,Wood,80.2,megawatts
2024,PA,Pennsylvania,TOT,All sectors,ALL,All,48855.7,megawatts
2024,PA,Pennsylvania,TOT,All sectors,BAT,Battery,34.6,megawatts
2024,PA,Pennsylvania,TOT,All sectors,COL,Coal,5382.6,megawatts
2024,PA,Pennsylvania,TOT,All sectors,HPS,Pumped Storage,1491.5,megawatts
2024,PA,Pennsylvania,TOT,All sectors,HYC,Hydroelectric,929.5,megawatts
2024,PA,Pennsylvania,TOT,All sectors,NG,Natural Gas,26823.2,megawatts
2024,PA,Pennsylvania,TOT,All sectors,NGCC,Natural Gas - CC,19001.0,megawatts
2024,PA,Pennsylvania,TOT,All sectors,NGGT,Natural Gas - GT,1912.5,megawatts
2024,PA,Pennsylvania,TOT,All sectors,NGIC,Natural Gas - IC,262.6,megawatts
2024,PA,Pennsylvania,TOT,All sectors,NGST,Natural Gas - ST,5647.1,megawatts
2024,PA,Pennsylvania,TOT,All sectors,NUC,Nuclear,9896.0,megawatts
2024,PA,Pennsylvania,TOT,All sectors,OBM,Other Biomass,351.6,megawatts
2024,PA,Pennsylvania,TOT,All sectors,OOG,Other Gas,85.9,megawatts
2024,PA,Pennsylvania,TOT,All sectors,OT,Other,20.0,megawatts
2024,PA,Pennsylvania,TOT,All sectors,PET,Petroleum,1334.1,megawatts
2024,PA,Pennsylvania,TOT,All sectors,PETGT,Petroleum - GT,1233.2,megawatts
2024,PA,Pennsylvania,TOT,All sectors,PETIC,Petroleum - IC,100.9,megawatts
2024,PA,Pennsylvania,TOT,All sectors,SOL,Solar,873.9,megawatts
2024,PA,Pennsylvania,TOT,All sectors,SOLPV,Solar - PV,873.9,megawatts
2024,PA,Pennsylvania,TOT,All sectors,WND,Wind,1552.6,megawatts
2024,PA,Pennsylvania,TOT,All sectors,WOO,Wood,80.2,megawatts
2024,RI,Rhode Island,EU,Electric Utilities,ALL,All,7.1,megawatts
2024,RI,Rhode Island,EU,Electric Utilities,PET,Petroleum,7.1,megawatts
2024,RI,Rhode Island,EU,Electric Utilities,PETIC,Petroleum - IC,7.1,megawatts
2024,RI,Rhode Island,IPP,Independent Power Producers,ALL,All,2314.6,megawatts
2024,RI,Rhode Island,IPP,Independent Power Producers,BAT,Battery,3.0,megawatts
2024,RI,Rhode Island,IPP,Independent Power Producers,HYC,Hydroelectric,2.7,megawatts
2024,RI,Rhode Island,IPP,Independent Power Producers,NG,Natural Gas,1773.0,megawatts
2024,RI,Rhode Island,IPP,Independent Power Producers,NGCC,Natural Gas - CC,1735.2,megawatts
2024,RI,Rhode Island,IPP,Independent Power Producers,NGGT,Natural Gas - GT,12.4,megawatts
2024,RI,Rhode Island,IPP,Independent Power Producers,NGIC,Natural Gas - IC,14.5,megawatts
2024,RI,Rhode Island,IPP,Independent Power Producers,NGST,Natural Gas - ST,10.9,megawatts
2024,RI,Rhode Island,IPP,Independent Power Producers,OBM,Other Biomass,40.1,megawatts
2024,RI,Rhode Island,IPP,Independent Power Producers,SOL,Solar,418.5,megawatts
2024,RI,Rhode Island,IPP,Independent Power Producers,SOLPV,Solar - PV,418.5,megawatts
2024,RI,Rhode Island,IPP,Independent Power Producers,WND,Wind,77.3,megawatts
2024,RI,Rhode Island,TOT,All sectors,ALL,All,2321.7,megawatts
2024,RI,Rhode Island,TOT,All sectors,BAT,Battery,3.0,megawatts
2024,RI,Rhode Island,TOT,All sectors,HYC,Hydroelectric,2.7,megawatts
2024,RI,Rhode Island,TOT,All sectors,NG,Natural Gas,1773.0,megawatts
2024,RI,Rhode Island,TOT,All sectors,NGCC,Natural Gas - CC,1735.2,megawatts
2024,RI,Rhode Island,TOT,All sectors,NGGT,Natural Gas - GT,12.4,megawatts
2024,RI,Rhode Island,TOT,All sectors,NGIC,Natural Gas - IC,14.5,megawatts
2024,RI,Rhode Island,TOT,All sectors,NGST,Natural Gas - ST,10.9,megawatts
2024,RI,Rhode Island,TOT,All sectors,OBM,Other Biomass,40.1,megawatts
2024,RI,Rhode Island,TOT,All sectors,PET,Petroleum,7.1,megawatts
2024,RI,Rhode Island,TOT,All sectors,PETIC,Petroleum - IC,7.1,megawatts
2024,RI,Rhode Island,TOT,All sectors,SOL,Solar,418.5,megawatts
2024,RI,Rhode Island,TOT,All sectors,SOLPV,Solar - PV,418.5,megawatts
2024,RI,Rhode Island,TOT,All sectors,WND,Wind,77.3,megawatts
2024,SC,South Carolina,EU,Electric Utilities,ALL,All,21521.7,megawatts
2024,SC,South Carolina,EU,Electric Utilities,COL,Coal,4754.0,megawatts
2024,SC,South Carolina,EU,Electric Utilities,HPS,Pumped Storage,3036.0,megawatts
2024,SC,South Carolina,EU,Electric Utilities,HYC,Hydroelectric,1262.7,megawatts
2024,SC,South Carolina,EU,Electric Utilities,NG,Natural Gas,5599.9,megawatts
2024,SC,South Carolina,EU,Electric Utilities,NGCC,Natural Gas - CC,3166.0,megawatts
2024,SC,South Carolina,EU,Electric Utilities,NGGT,Natural Gas - GT,1673.9,megawatts
2024,SC,South Carolina,EU,Electric Utilities,NGST,Natural Gas - ST,760.0,megawatts
2024,SC,South Carolina,EU,Electric Utilities,NUC,Nuclear,6600.3,megawatts
2024,SC,South Carolina,EU,Electric Utilities,OBM,Other Biomass,30.1,megawatts
2024,SC,South Carolina,EU,Electric Utilities,PET,Petroleum,233.9,megawatts
2024,SC,South Carolina,EU,Electric Utilities,PETGT,Petroleum - GT,183.0,megawatts
2024,SC,South Carolina,EU,Electric Utilities,PETIC,Petroleum - IC,50.9,megawatts
2024,SC,South Carolina,EU,Electric Utilities,SOL,Solar,4.8,megawatts
2024,SC,South Carolina,EU,Electric Utilities,SOLPV,Solar - PV,4.8,megawatts
2024,SC,South Carolina,IPP,Independent Power Producers,ALL,All,3183.9,megawatts
2024,SC,South Carolina,IPP,Independent Power Producers,BAT,Battery,88.0,megawatts
2024,SC,South Carolina,IPP,Independent Power Producers,HYC,Hydroelectric,31.3,megawatts
2024,SC,South Carolina,IPP,Independent Power Producers,NG,Natural Gas,980.7,megawatts
2024,SC,South Carolina,IPP,Independent Power Producers,NGCC,Natural Gas - CC,86.0,megawatts
2024,SC,South Carolina,IPP,Independent Power Producers,NGGT,Natural Gas - GT,874.7,megawatts
2024,SC,South Carolina,IPP,Independent Power Producers,NGST,Natural Gas - ST,20.0,megawatts
2024,SC,South Carolina,IPP,Independent Power Producers,OBM,Other Biomass,10.0,megawatts
2024,SC,South Carolina,IPP,Independent Power Producers,PET,Petroleum,9.6,megawatts
2024,SC,South Carolina,IPP,Independent Power Producers,PETIC,Petroleum - IC,9.6,megawatts
2024,SC,South Carolina,IPP,Independent Power Producers,SOL,Solar,1641.9,megawatts
2024,SC,South Carolina,IPP,Independent Power Producers,SOLPV,Solar - PV,1641.9,megawatts
2024,SC,South Carolina,IPP,Independent Power Producers,WOO,Wood,422.4,megawatts
2024,SC,South Carolina,TOT,All sectors,ALL,All,24705.6,megawatts
2024,SC,South Carolina,TOT,All sectors,BAT,Battery,88.0,megawatts
2024,SC,South Carolina,TOT,All sectors,COL,Coal,4754.0,megawatts
2024,SC,South Carolina,TOT,All sectors,HPS,Pumped Storage,3036.0,megawatts
2024,SC,South Carolina,TOT,All sectors,HYC,Hydroelectric,1294.0,megawatts
2024,SC,South Carolina,TOT,All sectors,NG,Natural Gas,6580.6,megawatts
2024,SC,South Carolina,TOT,All sectors,NGCC,Natural Gas - CC,3252.0,megawatts
2024,SC,South Carolina,TOT,All sectors,NGGT,Natural Gas - GT,2548.6,megawatts
2024,SC,South Carolina,TOT,All sectors,NGST,Natural Gas - ST,780.0,megawatts
2024,SC,South Carolina,TOT,All sectors,NUC,Nuclear,6600.3,megawatts
2024,SC,South Carolina,TOT,All sectors,OBM,Other Biomass,40.1,megawatts
2024,SC,South Carolina,TOT,All sectors,PET,Petroleum,243.5,megawatts
2024,SC,South Carolina,TOT,All sectors,PETGT,Petroleum - GT,183.0,megawatts
2024,SC,South Carolina,TOT,All sectors,PETIC,Petroleum - IC,60.5,megawatts
2024,SC,South Carolina,TOT,All sectors,SOL,Solar,1646.7,megawatts
2024,SC,South Carolina,TOT,All sectors,SOLPV,Solar - PV,1646.7,megawatts
2024,SC,South Carolina,TOT,All sectors,WOO,Wood,422.4,megawatts
2024,SD,South Dakota,EU,Electric Utilities,ALL,All,4291.6,megawatts
2024,SD,South Dakota,EU,Electric Utilities,COL,Coal,477.3,megawatts
2024,SD,South Dakota,EU,Electric Utilities,HYC,Hydroelectric,1598.0,megawatts
2024,SD,South Dakota,EU,Electric Utilities,NG,Natural Gas,1268.6,megawatts
2024,SD,South Dakota,EU,Electric Utilities,NGCC,Natural Gas - CC,295.0,megawatts
2024,SD,South Dakota,EU,Electric Utilities,NGGT,Natural Gas - GT,909.7,megawatts
2024,SD,South Dakota,EU,Electric Utilities,NGIC,Natural Gas - IC,63.9,megawatts
2024,SD,South Dakota,EU,Electric Utilities,PET,Petroleum,205.9,megawatts
2024,SD,South Dakota,EU,Electric Utilities,PETGT,Petroleum - GT,179.4,megawatts
2024,SD,South Dakota,EU,Electric Utilities,PETIC,Petroleum - IC,26.5,megawatts
2024,SD,South Dakota,EU,Electric Utilities,WND,Wind,741.8,megawatts
2024,SD,South Dakota,IPP,Independent Power Producers,ALL,All,2934.4,megawatts
2024,SD,South Dakota,IPP,Independent Power Producers,BAT,Battery,0.8,megawatts
2024,SD,South Dakota,IPP,Independent Power Producers,NG,Natural Gas,7.5,megawatts
2024,SD,South Dakota,IPP,Independent Power Producers,NGST,Natural Gas - ST,7.5,megawatts
2024,SD,South Dakota,IPP,Independent Power Producers,PET,Petroleum,3.2,megawatts
2024,SD,South Dakota,IPP,Independent Power Producers,PETIC,Petroleum - IC,3.2,megawatts
2024,SD,South Dakota,IPP,Independent Power Producers,SOL,Solar,209.0,megawatts
2024,SD,South Dakota,IPP,Independent Power Producers,SOLPV,Solar - PV,209.0,megawatts
2024,SD,South Dakota,IPP,Independent Power Producers,WND,Wind,2708.5,megawatts
2024,SD,South Dakota,IPP,Independent Power Producers,WOO,Wood,5.4,megawatts
2024,SD,South Dakota,TOT,All sectors,ALL,All,7226.0,megawatts
2024,SD,South Dakota,TOT,All sectors,BAT,Battery,0.8,megawatts
2024,SD,South Dakota,TOT,All sectors,COL,Coal,477.3,megawatts
2024,SD,South Dakota,TOT,All sectors,HYC,Hydroelectric,1598.0,megawatts
2024,SD,South Dakota,TOT,All sectors,NG,Natural Gas,1276.1,megawatts
2024,SD,South Dakota,TOT,All sectors,NGCC,Natural Gas - CC,295.0,megawatts
2024,SD,South Dakota,TOT,All sectors,NGGT,Natural Gas - GT,909.7,megawatts
2024,SD,South Dakota,TOT,All sectors,NGIC,Natural Gas - IC,63.9,megawatts
2024,SD,South Dakota,TOT,All sectors,NGST,Natural Gas - ST,7.5,megawatts
2024,SD,South Dakota,TOT,All sectors,PET,Petroleum,209.1,megawatts
2024,SD,South Dakota,TOT,All sectors,PETGT,Petroleum - GT,179.4,megawatts
2024,SD,South Dakota,TOT,All sectors,PETIC,Petroleum - IC,29.7,megawatts
2024,SD,South Dakota,TOT,All sectors,SOL,Solar,209.0,megawatts
2024,SD,South Dakota,TOT,All sectors,SOLPV,Solar - PV,209.0,megawatts
2024,SD,South Dakota,TOT,All sectors,WND,Wind,3450.3,megawatts
2024,SD,South Dakota,TOT,All sectors,WOO,Wood,5.4,megawatts
2024,TN,Tennessee,EU,Electric Utilities,ALL,All,19383.4,megawatts
2024,TN,Tennessee,EU,Electric Utilities,COL,Coal,4593.0,megawatts
2024,TN,Tennessee,EU,Electric Utilities,HPS,Pumped Storage,1616.3,megawatts
2024,TN,Tennessee,EU,Electric Utilities,HYC,Hydroelectric,2401.6,megawatts
2024,TN,Tennessee,EU,Electric Utilities,NG,Natural Gas,5777.5,megawatts
2024,TN,Tennessee,EU,Electric Utilities,NGCC,Natural Gas - CC,2455.1,megawatts
2024,TN,Tennessee,EU,Electric Utilities,NGGT,Natural Gas - GT,3322.4,megawatts
2024,TN,Tennessee,EU,Electric Utilities,NUC,Nuclear,4522.7,megawatts
2024,TN,Tennessee,EU,Electric Utilities,OBM,Other Biomass,1.8,megawatts
2024,TN,Tennessee,EU,Electric Utilities,PET,Petroleum,466.8,megawatts
2024,TN,Tennessee,EU,Electric Utilities,PETGT,Petroleum - GT,427.2,megawatts
2024,TN,Tennessee,EU,Electric Utilities,PETIC,Petroleum - IC,39.6,megawatts
2024,TN,Tennessee,EU,Electric Utilities,SOL,Solar,1.6,megawatts
2024,TN,Tennessee,EU,Electric Utilities,SOLPV,Solar - PV,1.6,megawatts
2024,TN,Tennessee,EU,Electric Utilities,WND,Wind,2.1,megawatts
2024,TN,Tennessee,IPP,Independent Power Producers,ALL,All,1221.8,megawatts
2024,TN,Tennessee,IPP,Independent Power Producers,COL,Coal,110.5,megawatts
2024,TN,Tennessee,IPP,Independent Power Producers,HYC,Hydroelectric,207.0,megawatts
2024,TN,Tennessee,IPP,Independent Power Producers,NG,Natural Gas,216.4,megawatts
2024,TN,Tennessee,IPP,Independent Power Producers,NGGT,Natural Gas - GT,82.9,megawatts
2024,TN,Tennessee,IPP,Independent Power Producers,NGIC,Natural Gas - IC,3.2,megawatts
2024,TN,Tennessee,IPP,Independent Power Producers,NGST,Natural Gas - ST,130.3,megawatts
2024,TN,Tennessee,IPP,Independent Power Producers,OBM,Other Biomass,12.4,megawatts
2024,TN,Tennessee,IPP,Independent Power Producers,PET,Petroleum,3.6,megawatts
2024,TN,Tennessee,IPP,Independent Power Producers,PETIC,Petroleum - IC,3.6,megawatts
2024,TN,Tennessee,IPP,Independent Power Producers,SOL,Solar,599.4,megawatts
2024,TN,Tennessee,IPP,Independent Power Producers,SOLPV,Solar - PV,599.4,megawatts
2024,TN,Tennessee,IPP,Independent Power Producers,WOO,Wood,72.5,megawatts
2024,TN,Tennessee,TOT,All sectors,ALL,All,20605.2,megawatts
2024,TN,Tennessee,TOT,All sectors,COL,Coal,4703.5,megawatts
2024,TN,Tennessee,TOT,All sectors,HPS,Pumped Storage,1616.3,megawatts
2024,TN,Tennessee,TOT,All sectors,HYC,Hydroelectric,2608.6,megawatts
2024,TN,Tennessee,TOT,All sectors,NG,Natural Gas,5993.9,megawatts
2024,TN,Tennessee,TOT,All sectors,NGCC,Natural Gas - CC,2455.1,megawatts
2024,TN,Tennessee,TOT,All sectors,NGGT,Natural Gas - GT,3405.3,megawatts
2024,TN,Tennessee,TOT,All sectors,NGIC,Natural Gas - IC,3.2,megawatts
2024,TN,Tennessee,TOT,All sectors,NGST,Natural Gas - ST,130.3,megawatts
2024,TN,Tennessee,TOT,All sectors,NUC,Nuclear,4522.7,megawatts
2024,TN,Tennessee,TOT,All sectors,OBM,Other Biomass,14.2,megawatts
2024,TN,Tennessee,TOT,All sectors,PET,Petroleum,470.4,megawatts
2024,TN,Tennessee,TOT,All sectors,PETGT,Petroleum - GT,427.2,megawatts
2024,TN,Tennessee,TOT,All sectors,PETIC,Petroleum - IC,43.2,megawatts
2024,TN,Tennessee,TOT,All sectors,SOL,Solar,601.0,megawatts
2024,TN,Tennessee,TOT,All sectors,SOLPV,Solar - PV,601.0,megawatts
2024,TN,Tennessee,TOT,All sectors,WND,Wind,2.1,megawatts
2024,TN,Tennessee,TOT,All sectors,WOO,Wood,72.5,megawatts
2024,TX,Texas,EU,Electric Utilities,ALL,All,28840.6,megawatts
2024,TX,Texas,EU,Electric Utilities,BAT,Battery,11.5,megawatts
2024,TX,Texas,EU,Electric Utilities,COL,Coal,6097.0,megawatts
2024,TX,Texas,EU,Electric Utilities,HYC,Hydroelectric,706.1,megawatts
2024,TX,Texas,EU,Electric Utilities,NG,Natural Gas,21386.4,megawatts
2024,TX,Texas,EU,Electric Utilities,NGCC,Natural Gas - CC,8113.2,megawatts
2024,TX,Texas,EU,Electric Utilities,NGGT,Natural Gas - GT,3973.9,megawatts
2024,TX,Texas,EU,Electric Utilities,NGIC,Natural Gas - IC,835.8,megawatts
2024,TX,Texas,EU,Electric Utilities,NGST,Natural Gas - ST,8463.5,megawatts
2024,TX,Texas,EU,Electric Utilities,OT,Other,5.0,megawatts
2024,TX,Texas,EU,Electric Utilities,PET,Petroleum,72.3,megawatts
2024,TX,Texas,EU,Electric Utilities,PETIC,Petroleum - IC,8.3,megawatts
2024,TX,Texas,EU,Electric Utilities,PETST,Petroleum - ST,64.0,megawatts
2024,TX,Texas,EU,Electric Utilities,SOL,Solar,9.0,megawatts
2024,TX,Texas,EU,Electric Utilities,SOLPV,Solar - PV,9.0,megawatts
2024,TX,Texas,EU,Electric Utilities,WND,Wind,406.8,megawatts
2024,TX,Texas,EU,Electric Utilities,WOO,Wood,146.5,megawatts
2024,TX,Texas,IPP,Independent Power Producers,ALL,All,139475.9,megawatts
2024,TX,Texas,IPP,Independent Power Producers,BAT,Battery,7893.5,megawatts
2024,TX,Texas,IPP,Independent Power Producers,COL,Coal,10186.6,megawatts
2024,TX,Texas,IPP,Independent Power Producers,HYC,Hydroelectric,7.3,megawatts
2024,TX,Texas,IPP,Independent Power Producers,NG,Natural Gas,51256.3,megawatts
2024,TX,Texas,IPP,Independent Power Producers,NGCC,Natural Gas - CC,35018.6,megawatts
2024,TX,Texas,IPP,Independent Power Producers,NGGT,Natural Gas - GT,8272.5,megawatts
2024,TX,Texas,IPP,Independent Power Producers,NGIC,Natural Gas - IC,291.5,megawatts
2024,TX,Texas,IPP,Independent Power Producers,NGST,Natural Gas - ST,7673.7,megawatts
2024,TX,Texas,IPP,Independent Power Producers,NUC,Nuclear,4980.0,megawatts
2024,TX,Texas,IPP,Independent Power Producers,OBM,Other Biomass,26.4,megawatts
2024,TX,Texas,IPP,Independent Power Producers,OOG,Other Gas,177.1,megawatts
2024,TX,Texas,IPP,Independent Power Producers,OT,Other,219.0,megawatts
2024,TX,Texas,IPP,Independent Power Producers,PET,Petroleum,631.7,megawatts
2024,TX,Texas,IPP,Independent Power Producers,PETGT,Petroleum - GT,397.0,megawatts
2024,TX,Texas,IPP,Independent Power Producers,PETIC,Petroleum - IC,170.9,megawatts
2024,TX,Texas,IPP,Independent Power Producers,PETST,Petroleum - ST,63.8,megawatts
2024,TX,Texas,IPP,Independent Power Producers,SOL,Solar,22364.2,megawatts
2024,TX,Texas,IPP,Independent Power Producers,SOLPV,Solar - PV,22364.2,megawatts
2024,TX,Texas,IPP,Independent Power Producers,WND,Wind,41571.1,megawatts
2024,TX,Texas,IPP,Independent Power Producers,WOO,Wood,162.7,megawatts
2024,TX,Texas,TOT,All sectors,ALL,All,168316.5,megawatts
2024,TX,Texas,TOT,All sectors,BAT,Battery,7905.0,megawatts
2024,TX,Texas,TOT,All sectors,COL,Coal,16283.6,megawatts
2024,TX,Texas,TOT,All sectors,HYC,Hydroelectric,713.4,megawatts
2024,TX,Texas,TOT,All sectors,NG,Natural Gas,72642.7,megawatts
2024,TX,Texas,TOT,All sectors,NGCC,Natural Gas - CC,43131.8,megawatts
2024,TX,Texas,TOT,All sectors,NGGT,Natural Gas - GT,12246.4,megawatts
2024,TX,Texas,TOT,All sectors,NGIC,Natural Gas - IC,1127.3,megawatts
2024,TX,Texas,TOT,All sectors,NGST,Natural Gas - ST,16137.2,megawatts
2024,TX,Texas,TOT,All sectors,NUC,Nuclear,4980.0,megawatts
2024,TX,Texas,TOT,All sectors,OBM,Other Biomass,26.4,megawatts
2024,TX,Texas,TOT,All sectors,OOG,Other Gas,177.1,megawatts
2024,TX,Texas,TOT,All sectors,OT,Other,224.0,megawatts
2024,TX,Texas,TOT,All sectors,PET,Petroleum,704.0,megawatts
2024,TX,Texas,TOT,All sectors,PETGT,Petroleum - GT,397.0,megawatts
2024,TX,Texas,TOT,All sectors,PETIC,Petroleum - IC,179.2,megawatts
2024,TX,Texas,TOT,All sectors,PETST,Petroleum - ST,127.8,megawatts
2024,TX,Texas,TOT,All sectors,SOL,Solar,22373.2,megawatts
2024,TX,Texas,TOT,All sectors,SOLPV,Solar - PV,22373.2,megawatts
2024,TX,Texas,TOT,All sectors,WND,Wind,41977.9,megawatts
2024,TX,Texas,TOT,All sectors,WOO,Wood,309.2,megawatts
2024,US,United States,EU,Electric Utilities,ALL,All,624144.7,megawatts
2024,US,United States,EU,Electric Utilities,BAT,Battery,2792.1,megawatts
2024,US,United States,EU,Electric Utilities,COL,Coal,135786.0,megawatts
2024,US,United States,EU,Electric Utilities,GEO,Geothermal,158.5,megawatts
2024,US,United States,EU,Electric Utilities,HPS,Pumped Storage,19385.6,megawatts
2024,US,United States,EU,Electric Utilities,HYC,Hydroelectric,73379.0,megawatts
2024,US,United States,EU,Electric Utilities,NG,Natural Gas,273740.0,megawatts
2024,US,United States,EU,Electric Utilities,NGCC,Natural Gas - CC,142353.8,megawatts
2024,US,United States,EU,Electric Utilities,NGGT,Natural Gas - GT,80718.7,megawatts
2024,US,United States,EU,Electric Utilities,NGIC,Natural Gas - IC,4678.0,megawatts
2024,US,United States,EU,Electric Utilities,NGOTH,Natural Gas - OTH,39.8,megawatts
2024,US,United States,EU,Electric Utilities,NGST,Natural Gas - ST,45949.7,megawatts
2024,US,United States,EU,Electric Utilities,NUC,Nuclear,55949.3,megawatts
2024,US,United States,EU,Electric Utilities,OBM,Other Biomass,251.6,megawatts
2024,US,United States,EU,Electric Utilities,OOG,Other Gas,12.0,megawatts
2024,US,United States,EU,Electric Utilities,OT,Other,69.4,megawatts
2024,US,United States,EU,Electric Utilities,PET,Petroleum,14931.4,megawatts
2024,US,United States,EU,Electric Utilities,PETGT,Petroleum - GT,8459.3,megawatts
2024,US,United States,EU,Electric Utilities,PETIC,Petroleum - IC,3869.1,megawatts
2024,US,United States,EU,Electric Utilities,PETOTH,Petroleum - OTH,669.5,megawatts
2024,US,United States,EU,Electric Utilities,PETST,Petroleum - ST,1933.5,megawatts
2024,US,United States,EU,Electric Utilities,SOL,Solar,19502.9,megawatts
2024,US,United States,EU,Electric Utilities,SOLPV,Solar - PV,19502.9,megawatts
2024,US,United States,EU,Electric Utilities,WND,Wind,27574.3,megawatts
2024,US,United States,EU,Electric Utilities,WOO,Wood,612.6,megawatts
2024,US,United States,IPP,Independent Power Producers,ALL,All,606271.6,megawatts
2024,US,United States,IPP,Independent Power Producers,BAT,Battery,24227.9,megawatts
2024,US,United States,IPP,Independent Power Producers,COL,Coal,38391.6,megawatts
2024,US,United States,IPP,Independent Power Producers,GEO,Geothermal,2537.0,megawatts
2024,US,United States,IPP,Independent Power Producers,HPS,Pumped Storage,3771.0,megawatts
2024,US,United States,IPP,Independent Power Producers,HYC,Hydroelectric,6517.9,megawatts
2024,US,United States,IPP,Independent Power Producers,NG,Natural Gas,232631.2,megawatts
2024,US,United States,IPP,Independent Power Producers,NGCC,Natural Gas - CC,149454.0,megawatts
2024,US,United States,IPP,Independent Power Producers,NGGT,Natural Gas - GT,52388.1,megawatts
2024,US,United States,IPP,Independent Power Producers,NGIC,Natural Gas - IC,1622.3,megawatts
2024,US,United States,IPP,Independent Power Producers,NGOTH,Natural Gas - OTH,329.8,megawatts
2024,US,United States,IPP,Independent Power Producers,NGST,Natural Gas - ST,28837.0,megawatts
2024,US,United States,IPP,Independent Power Producers,NUC,Nuclear,42441.9,megawatts
2024,US,United States,IPP,Independent Power Producers,OBM,Other Biomass,3745.4,megawatts
2024,US,United States,IPP,Independent Power Producers,OOG,Other Gas,1666.1,megawatts
2024,US,United States,IPP,Independent Power Producers,OT,Other,1347.0,megawatts
2024,US,United States,IPP,Independent Power Producers,PET,Petroleum,13718.2,megawatts
2024,US,United States,IPP,Independent Power Producers,PETGT,Petroleum - GT,5663.0,megawatts
2024,US,United States,IPP,Independent Power Producers,PETIC,Petroleum - IC,1567.6,megawatts
2024,US,United States,IPP,Independent Power Producers,PETOTH,Petroleum - OTH,298.4,megawatts
2024,US,United States,IPP,Independent Power Producers,PETST,Petroleum - ST,6189.2,megawatts
2024,US,United States,IPP,Independent Power Producers,SOL,Solar,103951.2,megawatts
2024,US,United States,IPP,Independent Power Producers,SOLPV,Solar - PV,102559.2,megawatts
2024,US,United States,IPP,Independent Power Producers,SOLTH,Solar - TH,1392.0,megawatts
2024,US,United States,IPP,Independent Power Producers,WND,Wind,124523.0,megawatts
2024,US,United States,IPP,Independent Power Producers,WOO,Wood,6802.2,megawatts
2024,US,United States,TOT,All sectors,ALL,All,1230416.3,megawatts
2024,US,United States,TOT,All sectors,BAT,Battery,27020.0,megawatts
2024,US,United States,TOT,All sectors,COL,Coal,174177.6,megawatts
2024,US,United States,TOT,All sectors,GEO,Geothermal,2695.5,megawatts
2024,US,United States,TOT,All sectors,HPS,Pumped Storage,23156.6,megawatts
2024,US,United States,TOT,All sectors,HYC,Hydroelectric,79896.9,megawatts
2024,US,United States,TOT,All sectors,NG,Natural Gas,506371.2,megawatts
2024,US,United States,TOT,All sectors,NGCC,Natural Gas - CC,291807.8,megawatts
2024,US,United States,TOT,All sectors,NGGT,Natural Gas - GT,133106.8,megawatts
2024,US,United States,TOT,All sectors,NGIC,Natural Gas - IC,6300.3,megawatts
2024,US,United States,TOT,All sectors,NGOTH,Natural Gas - OTH,369.6,megawatts
2024,US,United States,TOT,All sectors,NGST,Natural Gas - ST,74786.7,megawatts
2024,US,United States,TOT,All sectors,NUC,Nuclear,98391.2,megawatts
2024,US,United States,TOT,All sectors,OBM,Other Biomass,3997.0,megawatts
2024,US,United States,TOT,All sectors,OOG,Other Gas,1678.1,megawatts
2024,US,United States,TOT,All sectors,OT,Other,1416.4,megawatts
2024,US,United States,TOT,All sectors,PET,Petroleum,28649.6,megawatts
2024,US,United States,TOT,All sectors,PETGT,Petroleum - GT,14122.3,megawatts
2024,US,United States,TOT,All sectors,PETIC,Petroleum - IC,5436.7,megawatts
2024,US,United States,TOT,All sectors,PETOTH,Petroleum - OTH,967.9,megawatts
2024,US,United States,TOT,All sectors,PETST,Petroleum - ST,8122.7,megawatts
2024,US,United States,TOT,All sectors,SOL,Solar,123454.1,megawatts
2024,US,United States,TOT,All sectors,SOLPV,Solar - PV,122062.1,megawatts
2024,US,United States,TOT,All sectors,SOLTH,Solar - TH,1392.0,megawatts
2024,US,United States,TOT,All sectors,WND,Wind,152097.3,megawatts
2024,US,United States,TOT,All sectors,WOO,Wood,7414.8,megawatts
2024,UT,Utah,EU,Electric Utilities,ALL,All,7464.5,megawatts
2024,UT,Utah,EU,Electric Utilities,COL,Coal,4530.0,megawatts
2024,UT,Utah,EU,Electric Utilities,GEO,Geothermal,31.7,megawatts
2024,UT,Utah,EU,Electric Utilities,HYC,Hydroelectric,244.4,megawatts
2024,UT,Utah,EU,Electric Utilities,NG,Natural Gas,2605.7,megawatts
2024,UT,Utah,EU,Electric Utilities,NGCC,Natural Gas - CC,1830.0,megawatts
2024,UT,Utah,EU,Electric Utilities,NGGT,Natural Gas - GT,448.7,megawatts
2024,UT,Utah,EU,Electric Utilities,NGIC,Natural Gas - IC,89.5,megawatts
2024,UT,Utah,EU,Electric Utilities,NGST,Natural Gas - ST,237.5,megawatts
2024,UT,Utah,EU,Electric Utilities,OT,Other,8.4,megawatts
2024,UT,Utah,EU,Electric Utilities,PET,Petroleum,27.8,megawatts
2024,UT,Utah,EU,Electric Utilities,PETIC,Petroleum - IC,27.8,megawatts
2024,UT,Utah,EU,Electric Utilities,SOL,Solar,16.5,megawatts
2024,UT,Utah,EU,Electric Utilities,SOLPV,Solar - PV,16.5,megawatts
2024,UT,Utah,IPP,Independent Power Producers,ALL,All,2812.7,megawatts
2024,UT,Utah,IPP,Independent Power Producers,BAT,Battery,1.0,megawatts
2024,UT,Utah,IPP,Independent Power Producers,COL,Coal,51.0,megawatts
2024,UT,Utah,IPP,Independent Power Producers,GEO,Geothermal,39.0,megawatts
2024,UT,Utah,IPP,Independent Power Producers,HYC,Hydroelectric,15.3,megawatts
2024,UT,Utah,IPP,Independent Power Producers,NG,Natural Gas,91.4,megawatts
2024,UT,Utah,IPP,Independent Power Producers,NGGT,Natural Gas - GT,85.9,megawatts
2024,UT,Utah,IPP,Independent Power Producers,NGIC,Natural Gas - IC,5.5,megawatts
2024,UT,Utah,IPP,Independent Power Producers,OBM,Other Biomass,12.8,megawatts
2024,UT,Utah,IPP,Independent Power Producers,OT,Other,31.8,megawatts
2024,UT,Utah,IPP,Independent Power Producers,SOL,Solar,2180.7,megawatts
2024,UT,Utah,IPP,Independent Power Producers,SOLPV,Solar - PV,2180.6,megawatts
2024,UT,Utah,IPP,Independent Power Producers,SOLTH,Solar - TH,0.1,megawatts
2024,UT,Utah,IPP,Independent Power Producers,WND,Wind,389.7,megawatts
2024,UT,Utah,TOT,All sectors,ALL,All,10277.2,megawatts
2024,UT,Utah,TOT,All sectors,BAT,Battery,1.0,megawatts
2024,UT,Utah,TOT,All sectors,COL,Coal,4581.0,megawatts
2024,UT,Utah,TOT,All sectors,GEO,Geothermal,70.7,megawatts
2024,UT,Utah,TOT,All sectors,HYC,Hydroelectric,259.7,megawatts
2024,UT,Utah,TOT,All sectors,NG,Natural Gas,2697.1,megawatts
2024,UT,Utah,TOT,All sectors,NGCC,Natural Gas - CC,1830.0,megawatts
2024,UT,Utah,TOT,All sectors,NGGT,Natural Gas - GT,534.6,megawatts
2024,UT,Utah,TOT,All sectors,NGIC,Natural Gas - IC,95.0,megawatts
2024,UT,Utah,TOT,All sectors,NGST,Natural Gas - ST,237.5,megawatts
2024,UT,Utah,TOT,All sectors,OBM,Other Biomass,12.8,megawatts
2024,UT,Utah,TOT,All sectors,OT,Other,40.2,megawatts
2024,UT,Utah,TOT,All sectors,PET,Petroleum,27.8,megawatts
2024,UT,Utah,TOT,All sectors,PETIC,Petroleum - IC,27.8,megawatts
2024,UT,Utah,TOT,All sectors,SOL,Solar,2197.2,megawatts
2024,UT,Utah,TOT,All sectors,SOLPV,Solar - PV,2197.1,megawatts
2024,UT,Utah,TOT,All sectors,SOLTH,Solar - TH,0.1,megawatts
2024,UT,Utah,TOT,All sectors,WND,Wind,389.7,megawatts
2024,VA,Virginia,EU,Electric Utilities,ALL,All,21256.2,megawatts
2024,VA,Virginia,EU,Electric Utilities,BAT,Battery,60.0,megawatts
2024,VA,Virginia,EU,Electric Utilities,COL,Coal,1487.1,megawatts
2024,VA,Virginia,EU,Electric Utilities,HPS,Pumped Storage,3253.1,megawatts
2024,VA,Virginia,EU,Electric Utilities,HYC,Hydroelectric,821.6,megawatts
2024,VA,Virginia,EU,Electric Utilities,NG,Natural Gas,9963.4,megawatts
2024,VA,Virginia,EU,Electric Utilities,NGCC,Natural Gas - CC,6132.4,megawatts
2024,VA,Virginia,EU,Electric Utilities,NGGT,Natural Gas - GT,3370.0,megawatts
2024,VA,Virginia,EU,Electric Utilities,NGIC,Natural Gas - IC,1.0,megawatts
2024,VA,Virginia,EU,Electric Utilities,NGST,Natural Gas - ST,460.0,megawatts
2024,VA,Virginia,EU,Electric Utilities,NUC,Nuclear,3568.0,megawatts
2024,VA,Virginia,EU,Electric Utilities,PET,Petroleum,363.6,megawatts
2024,VA,Virginia,EU,Electric Utilities,PETGT,Petroleum - GT,260.4,megawatts
2024,VA,Virginia,EU,Electric Utilities,PETIC,Petroleum - IC,103.2,megawatts
2024,VA,Virginia,EU,Electric Utilities,SOL,Solar,1574.4,megawatts
2024,VA,Virginia,EU,Electric Utilities,SOLPV,Solar - PV,1574.4,megawatts
2024,VA,Virginia,EU,Electric Utilities,WND,Wind,12.0,megawatts
2024,VA,Virginia,EU,Electric Utilities,WOO,Wood,153.0,megawatts
2024,VA,Virginia,IPP,Independent Power Producers,ALL,All,7890.3,megawatts
2024,VA,Virginia,IPP,Independent Power Producers,BAT,Battery,10.5,megawatts
2024,VA,Virginia,IPP,Independent Power Producers,COL,Coal,43.0,megawatts
2024,VA,Virginia,IPP,Independent Power Producers,HYC,Hydroelectric,45.0,megawatts
2024,VA,Virginia,IPP,Independent Power Producers,NG,Natural Gas,3749.5,megawatts
2024,VA,Virginia,IPP,Independent Power Producers,NGCC,Natural Gas - CC,2777.7,megawatts
2024,VA,Virginia,IPP,Independent Power Producers,NGGT,Natural Gas - GT,842.0,megawatts
2024,VA,Virginia,IPP,Independent Power Producers,NGIC,Natural Gas - IC,2.0,megawatts
2024,VA,Virginia,IPP,Independent Power Producers,NGST,Natural Gas - ST,127.8,megawatts
2024,VA,Virginia,IPP,Independent Power Producers,OBM,Other Biomass,223.6,megawatts
2024,VA,Virginia,IPP,Independent Power Producers,PET,Petroleum,378.0,megawatts
2024,VA,Virginia,IPP,Independent Power Producers,PETGT,Petroleum - GT,347.0,megawatts
2024,VA,Virginia,IPP,Independent Power Producers,PETIC,Petroleum - IC,31.0,megawatts
2024,VA,Virginia,IPP,Independent Power Producers,SOL,Solar,3104.0,megawatts
2024,VA,Virginia,IPP,Independent Power Producers,SOLPV,Solar - PV,3104.0,megawatts
2024,VA,Virginia,IPP,Independent Power Producers,WOO,Wood,336.7,megawatts
2024,VA,Virginia,TOT,All sectors,ALL,All,29146.5,megawatts
2024,VA,Virginia,TOT,All sectors,BAT,Battery,70.5,megawatts
2024,VA,Virginia,TOT,All sectors,COL,Coal,1530.1,megawatts
2024,VA,Virginia,TOT,All sectors,HPS,Pumped Storage,3253.1,megawatts
2024,VA,Virginia,TOT,All sectors,HYC,Hydroelectric,866.6,megawatts
2024,VA,Virginia,TOT,All sectors,NG,Natural Gas,13712.9,megawatts
2024,VA,Virginia,TOT,All sectors,NGCC,Natural Gas - CC,8910.1,megawatts
2024,VA,Virginia,TOT,All sectors,NGGT,Natural Gas - GT,4212.0,megawatts
2024,VA,Virginia,TOT,All sectors,NGIC,Natural Gas - IC,3.0,megawatts
2024,VA,Virginia,TOT,All sectors,NGST,Natural Gas - ST,587.8,megawatts
2024,VA,Virginia,TOT,All sectors,NUC,Nuclear,3568.0,megawatts
2024,VA,Virginia,TOT,All sectors,OBM,Other Biomass,223.6,megawatts
2024,VA,Virginia,TOT,All sectors,PET,Petroleum,741.6,megawatts
2024,VA,Virginia,TOT,All sectors,PETGT,Petroleum - GT,607.4,megawatts
2024,VA,Virginia,TOT,All sectors,PETIC,Petroleum - IC,134.2,megawatts
2024,VA,Virginia,TOT,All sectors,SOL,Solar,4678.4,megawatts
2024,VA,Virginia,TOT,All sectors,SOLPV,Solar - PV,4678.4,megawatts
2024,VA,Virginia,TOT,All sectors,WND,Wind,12.0,megawatts
2024,VA,Virginia,TOT,All sectors,WOO,Wood,489.7,megawatts
2024,VT,Vermont,EU,Electric Utilities,ALL,All,422.4,megawatts
2024,VT,Vermont,EU,Electric Utilities,BAT,Battery,9.0,megawatts
2024,VT,Vermont,EU,Electric Utilities,HYC,Hydroelectric,118.7,megawatts
2024,VT,Vermont,EU,Electric Utilities,OBM,Other Biomass,7.5,megawatts
2024,VT,Vermont,EU,Electric Utilities,PET,Petroleum,126.0,megawatts
2024,VT,Vermont,EU,Electric Utilities,PETGT,Petroleum - GT,110.4,megawatts
2024,VT,Vermont,EU,Electric Utilities,PETIC,Petroleum - IC,15.6,megawatts
2024,VT,Vermont,EU,Electric Utilities,SOL,Solar,39.0,megawatts
2024,VT,Vermont,EU,Electric Utilities,SOLPV,Solar - PV,39.0,megawatts
2024,VT,Vermont,EU,Electric Utilities,WND,Wind,70.2,megawatts
2024,VT,Vermont,EU,Electric Utilities,WOO,Wood,52.0,megawatts
2024,VT,Vermont,IPP,Independent Power Producers,ALL,All,441.1,megawatts
2024,VT,Vermont,IPP,Independent Power Producers,BAT,Battery,11.9,megawatts
2024,VT,Vermont,IPP,Independent Power Producers,HYC,Hydroelectric,212.3,megawatts
2024,VT,Vermont,IPP,Independent Power Producers,SOL,Solar,116.2,megawatts
2024,VT,Vermont,IPP,Independent Power Producers,SOLPV,Solar - PV,116.2,megawatts
2024,VT,Vermont,IPP,Independent Power Producers,WND,Wind,80.0,megawatts
2024,VT,Vermont,IPP,Independent Power Producers,WOO,Wood,20.7,megawatts
2024,VT,Vermont,TOT,All sectors,ALL,All,863.5,megawatts
2024,VT,Vermont,TOT,All sectors,BAT,Battery,20.9,megawatts
2024,VT,Vermont,TOT,All sectors,HYC,Hydroelectric,331.0,megawatts
2024,VT,Vermont,TOT,All sectors,OBM,Other Biomass,7.5,megawatts
2024,VT,Vermont,TOT,All sectors,PET,Petroleum,126.0,megawatts
2024,VT,Vermont,TOT,All sectors,PETGT,Petroleum - GT,110.4,megawatts
2024,VT,Vermont,TOT,All sectors,PETIC,Petroleum - IC,15.6,megawatts
2024,VT,Vermont,TOT,All sectors,SOL,Solar,155.2,megawatts
2024,VT,Vermont,TOT,All sectors,SOLPV,Solar - PV,155.2,megawatts
2024,VT,Vermont,TOT,All sectors,WND,Wind,150.2,megawatts
2024,VT,Vermont,TOT,All sectors,WOO,Wood,72.7,megawatts
2024,WA,Washington,EU,Electric Utilities,ALL,All,27021.1,megawatts
2024,WA,Washington,EU,Electric Utilities,BAT,Battery,6.0,megawatts
2024,WA,Washington,EU,Electric Utilities,HPS,Pumped Storage,314.0,megawatts
2024,WA,Washington,EU,Electric Utilities,HYC,Hydroelectric,21426.1,megawatts
2024,WA,Washington,EU,Electric Utilities,NG,Natural Gas,2419.4,megawatts
2024,WA,Washington,EU,Electric Utilities,NGCC,Natural Gas - CC,1795.6,megawatts
2024,WA,Washington,EU,Electric Utilities,NGGT,Natural Gas - GT,599.2,megawatts
2024,WA,Washington,EU,Electric Utilities,NGIC,Natural Gas - IC,24.6,megawatts
2024,WA,Washington,EU,Electric Utilities,NUC,Nuclear,1151.0,megawatts
2024,WA,Washington,EU,Electric Utilities,PET,Petroleum,2.5,megawatts
2024,WA,Washington,EU,Electric Utilities,PETIC,Petroleum - IC,2.5,megawatts
2024,WA,Washington,EU,Electric Utilities,SOL,Solar,4.1,megawatts
2024,WA,Washington,EU,Electric Utilities,SOLPV,Solar - PV,4.1,megawatts
2024,WA,Washington,EU,Electric Utilities,WND,Wind,1648.0,megawatts
2024,WA,Washington,EU,Electric Utilities,WOO,Wood,50.0,megawatts
2024,WA,Washington,IPP,Independent Power Producers,ALL,All,3954.2,megawatts
2024,WA,Washington,IPP,Independent Power Producers,COL,Coal,670.0,megawatts
2024,WA,Washington,IPP,Independent Power Producers,HYC,Hydroelectric,87.2,megawatts
2024,WA,Washington,IPP,Independent Power Producers,NG,Natural Gas,966.0,megawatts
2024,WA,Washington,IPP,Independent Power Producers,NGCC,Natural Gas - CC,841.0,megawatts
2024,WA,Washington,IPP,Independent Power Producers,NGGT,Natural Gas - GT,120.0,megawatts
2024,WA,Washington,IPP,Independent Power Producers,NGIC,Natural Gas - IC,2.0,megawatts
2024,WA,Washington,IPP,Independent Power Producers,NGST,Natural Gas - ST,3.0,megawatts
2024,WA,Washington,IPP,Independent Power Producers,OBM,Other Biomass,31.8,megawatts
2024,WA,Washington,IPP,Independent Power Producers,PET,Petroleum,20.1,megawatts
2024,WA,Washington,IPP,Independent Power Producers,PETIC,Petroleum - IC,20.1,megawatts
2024,WA,Washington,IPP,Independent Power Producers,SOL,Solar,264.2,megawatts
2024,WA,Washington,IPP,Independent Power Producers,SOLPV,Solar - PV,264.2,megawatts
2024,WA,Washington,IPP,Independent Power Producers,WND,Wind,1726.9,megawatts
2024,WA,Washington,IPP,Independent Power Producers,WOO,Wood,188.0,megawatts
2024,WA,Washington,TOT,All sectors,ALL,All,30975.3,megawatts
2024,WA,Washington,TOT,All sectors,BAT,Battery,6.0,megawatts
2024,WA,Washington,TOT,All sectors,COL,Coal,670.0,megawatts
2024,WA,Washington,TOT,All sectors,HPS,Pumped Storage,314.0,megawatts
2024,WA,Washington,TOT,All sectors,HYC,Hydroelectric,21513.3,megawatts
2024,WA,Washington,TOT,All sectors,NG,Natural Gas,3385.4,megawatts
2024,WA,Washington,TOT,All sectors,NGCC,Natural Gas - CC,2636.6,megawatts
2024,WA,Washington,TOT,All sectors,NGGT,Natural Gas - GT,719.2,megawatts
2024,WA,Washington,TOT,All sectors,NGIC,Natural Gas - IC,26.6,megawatts
2024,WA,Washington,TOT,All sectors,NGST,Natural Gas - ST,3.0,megawatts
2024,WA,Washington,TOT,All sectors,NUC,Nuclear,1151.0,megawatts
2024,WA,Washington,TOT,All sectors,OBM,Other Biomass,31.8,megawatts
2024,WA,Washington,TOT,All sectors,PET,Petroleum,22.6,megawatts
2024,WA,Washington,TOT,All sectors,PETIC,Petroleum - IC,22.6,megawatts
2024,WA,Washington,TOT,All sectors,SOL,Solar,268.3,megawatts
2024,WA,Washington,TOT,All sectors,SOLPV,Solar - PV,268.3,megawatts
2024,WA,Washington,TOT,All sectors,WND,Wind,3374.9,megawatts
2024,WA,Washington,TOT,All sectors,WOO,Wood,238.0,megawatts
2024,WI,Wisconsin,EU,Electric Utilities,ALL,All,15333.5,megawatts
2024,WI,Wisconsin,EU,Electric Utilities,BAT,Battery,5.4,megawatts
2024,WI,Wisconsin,EU,Electric Utilities,COL,Coal,4701.8,megawatts
2024,WI,Wisconsin,EU,Electric Utilities,HYC,Hydroelectric,368.3,megawatts
2024,WI,Wisconsin,EU,Electric Utilities,NG,Natural Gas,7118.4,megawatts
2024,WI,Wisconsin,EU,Electric Utilities,NGCC,Natural Gas - CC,3426.8,megawatts
2024,WI,Wisconsin,EU,Electric Utilities,NGGT,Natural Gas - GT,3158.5,megawatts
2024,WI,Wisconsin,EU,Electric Utilities,NGIC,Natural Gas - IC,150.5,megawatts
2024,WI,Wisconsin,EU,Electric Utilities,NGST,Natural Gas - ST,382.6,megawatts
2024,WI,Wisconsin,EU,Electric Utilities,OBM,Other Biomass,16.0,megawatts
2024,WI,Wisconsin,EU,Electric Utilities,PET,Petroleum,500.4,megawatts
2024,WI,Wisconsin,EU,Electric Utilities,PETGT,Petroleum - GT,298.1,megawatts
2024,WI,Wisconsin,EU,Electric Utilities,PETIC,Petroleum - IC,143.9,megawatts
2024,WI,Wisconsin,EU,Electric Utilities,PETST,Petroleum - ST,58.4,megawatts
2024,WI,Wisconsin,EU,Electric Utilities,SOL,Solar,1878.1,megawatts
2024,WI,Wisconsin,EU,Electric Utilities,SOLPV,Solar - PV,1878.1,megawatts
2024,WI,Wisconsin,EU,Electric Utilities,WND,Wind,636.5,megawatts
2024,WI,Wisconsin,EU,Electric Utilities,WOO,Wood,108.6,megawatts
2024,WI,Wisconsin,IPP,Independent Power Producers,ALL,All,2096.7,megawatts
2024,WI,Wisconsin,IPP,Independent Power Producers,BAT,Battery,0.3,megawatts
2024,WI,Wisconsin,IPP,Independent Power Producers,COL,Coal,41.6,megawatts
2024,WI,Wisconsin,IPP,Independent Power Producers,HYC,Hydroelectric,42.3,megawatts
2024,WI,Wisconsin,IPP,Independent Power Producers,NG,Natural Gas,190.4,megawatts
2024,WI,Wisconsin,IPP,Independent Power Producers,NGCC,Natural Gas - CC,51.9,megawatts
2024,WI,Wisconsin,IPP,Independent Power Producers,NGGT,Natural Gas - GT,21.1,megawatts
2024,WI,Wisconsin,IPP,Independent Power Producers,NGIC,Natural Gas - IC,3.0,megawatts
2024,WI,Wisconsin,IPP,Independent Power Producers,NGST,Natural Gas - ST,114.4,megawatts
2024,WI,Wisconsin,IPP,Independent Power Producers,NUC,Nuclear,1185.3,megawatts
2024,WI,Wisconsin,IPP,Independent Power Producers,OBM,Other Biomass,78.2,megawatts
2024,WI,Wisconsin,IPP,Independent Power Producers,PET,Petroleum,64.3,megawatts
2024,WI,Wisconsin,IPP,Independent Power Producers,PETGT,Petroleum - GT,15.0,megawatts
2024,WI,Wisconsin,IPP,Independent Power Producers,PETIC,Petroleum - IC,49.3,megawatts
2024,WI,Wisconsin,IPP,Independent Power Producers,SOL,Solar,227.9,megawatts
2024,WI,Wisconsin,IPP,Independent Power Producers,SOLPV,Solar - PV,227.9,megawatts
2024,WI,Wisconsin,IPP,Independent Power Producers,WND,Wind,189.7,megawatts
2024,WI,Wisconsin,IPP,Independent Power Producers,WOO,Wood,76.7,megawatts
2024,WI,Wisconsin,TOT,All sectors,ALL,All,17430.2,megawatts
2024,WI,Wisconsin,TOT,All sectors,BAT,Battery,5.7,megawatts
2024,WI,Wisconsin,TOT,All sectors,COL,Coal,4743.4,megawatts
2024,WI,Wisconsin,TOT,All sectors,HYC,Hydroelectric,410.6,megawatts
2024,WI,Wisconsin,TOT,All sectors,NG,Natural Gas,7308.8,megawatts
2024,WI,Wisconsin,TOT,All sectors,NGCC,Natural Gas - CC,3478.7,megawatts
2024,WI,Wisconsin,TOT,All sectors,NGGT,Natural Gas - GT,3179.6,megawatts
2024,WI,Wisconsin,TOT,All sectors,NGIC,Natural Gas - IC,153.5,megawatts
2024,WI,Wisconsin,TOT,All sectors,NGST,Natural Gas - ST,497.0,megawatts
2024,WI,Wisconsin,TOT,All sectors,NUC,Nuclear,1185.3,megawatts
2024,WI,Wisconsin,TOT,All sectors,OBM,Other Biomass,94.2,megawatts
2024,WI,Wisconsin,TOT,All sectors,PET,Petroleum,564.7,megawatts
2024,WI,Wisconsin,TOT,All sectors,PETGT,Petroleum - GT,313.1,megawatts
2024,WI,Wisconsin,TOT,All sectors,PETIC,Petroleum - IC,193.2,megawatts
2024,WI,Wisconsin,TOT,All sectors,PETST,Petroleum - ST,58.4,megawatts
2024,WI,Wisconsin,TOT,All sectors,SOL,Solar,2106.0,megawatts
2024,WI,Wisconsin,TOT,All sectors,SOLPV,Solar - PV,2106.0,megawatts
2024,WI,Wisconsin,TOT,All sectors,WND,Wind,826.2,megawatts
2024,WI,Wisconsin,TOT,All sectors,WOO,Wood,185.3,megawatts
2024,WV,West Virginia,EU,Electric Utilities,ALL,All,11043.4,megawatts
2024,WV,West Virginia,EU,Electric Utilities,COL,Coal,10424.5,megawatts
2024,WV,West Virginia,EU,Electric Utilities,HYC,Hydroelectric,133.5,megawatts
2024,WV,West Virginia,EU,Electric Utilities,NG,Natural Gas,450.0,megawatts
2024,WV,West Virginia,EU,Electric Utilities,NGGT,Natural Gas - GT,450.0,megawatts
2024,WV,West Virginia,EU,Electric Utilities,PET,Petroleum,11.0,megawatts
2024,WV,West Virginia,EU,Electric Utilities,PETGT,Petroleum - GT,11.0,megawatts
2024,WV,West Virginia,EU,Electric Utilities,SOL,Solar,24.4,megawatts
2024,WV,West Virginia,EU,Electric Utilities,SOLPV,Solar - PV,24.4,megawatts
2024,WV,West Virginia,IPP,Independent Power Producers,ALL,All,4085.0,megawatts
2024,WV,West Virginia,IPP,Independent Power Producers,BAT,Battery,47.5,megawatts
2024,WV,West Virginia,IPP,Independent Power Producers,COL,Coal,2118.0,megawatts
2024,WV,West Virginia,IPP,Independent Power Producers,HYC,Hydroelectric,207.3,megawatts
2024,WV,West Virginia,IPP,Independent Power Producers,NG,Natural Gas,753.8,megawatts
2024,WV,West Virginia,IPP,Independent Power Producers,NGGT,Natural Gas - GT,638.3,megawatts
2024,WV,West Virginia,IPP,Independent Power Producers,NGST,Natural Gas - ST,115.5,megawatts
2024,WV,West Virginia,IPP,Independent Power Producers,OBM,Other Biomass,3.2,megawatts
2024,WV,West Virginia,IPP,Independent Power Producers,SOL,Solar,100.0,megawatts
2024,WV,West Virginia,IPP,Independent Power Producers,SOLPV,Solar - PV,100.0,megawatts
2024,WV,West Virginia,IPP,Independent Power Producers,WND,Wind,855.2,megawatts
2024,WV,West Virginia,TOT,All sectors,ALL,All,15128.4,megawatts
2024,WV,West Virginia,TOT,All sectors,BAT,Battery,47.5,megawatts
2024,WV,West Virginia,TOT,All sectors,COL,Coal,12542.5,megawatts
2024,WV,West Virginia,TOT,All sectors,HYC,Hydroelectric,340.8,megawatts
2024,WV,West Virginia,TOT,All sectors,NG,Natural Gas,1203.8,megawatts
2024,WV,West Virginia,TOT,All sectors,NGGT,Natural Gas - GT,1088.3,megawatts
2024,WV,West Virginia,TOT,All sectors,NGST,Natural Gas - ST,115.5,megawatts
2024,WV,West Virginia,TOT,All sectors,OBM,Other Biomass,3.2,megawatts
2024,WV,West Virginia,TOT,All sectors,PET,Petroleum,11.0,megawatts
2024,WV,West Virginia,TOT,All sectors,PETGT,Petroleum - GT,11.0,megawatts
2024,WV,West Virginia,TOT,All sectors,SOL,Solar,124.4,megawatts
2024,WV,West Virginia,TOT,All sectors,SOLPV,Solar - PV,124.4,megawatts
2024,WV,West Virginia,TOT,All sectors,WND,Wind,855.2,megawatts
2024,WY,Wyoming,EU,Electric Utilities,ALL,All,8442.7,megawatts
2024,WY,Wyoming,EU,Electric Utilities,COL,Coal,4843.0,megawatts
2024,WY,Wyoming,EU,Electric Utilities,HYC,Hydroelectric,304.5,megawatts
2024,WY,Wyoming,EU,Electric Utilities,NG,Natural Gas,1556.0,megawatts
2024,WY,Wyoming,EU,Electric Utilities,NGCC,Natural Gas - CC,94.0,megawatts
2024,WY,Wyoming,EU,Electric Utilities,NGGT,Natural Gas - GT,145.0,megawatts
2024,WY,Wyoming,EU,Electric Utilities,NGST,Natural Gas - ST,1317.0,megawatts
2024,WY,Wyoming,EU,Electric Utilities,PET,Petroleum,4.7,megawatts
2024,WY,Wyoming,EU,Electric Utilities,PETIC,Petroleum - IC,4.7,megawatts
2024,WY,Wyoming,EU,Electric Utilities,WND,Wind,1734.5,megawatts
2024,WY,Wyoming,IPP,Independent Power Producers,ALL,All,2402.8,megawatts
2024,WY,Wyoming,IPP,Independent Power Producers,COL,Coal,156.0,megawatts
2024,WY,Wyoming,IPP,Independent Power Producers,HYC,Hydroelectric,2.6,megawatts
2024,WY,Wyoming,IPP,Independent Power Producers,NG,Natural Gas,115.1,megawatts
2024,WY,Wyoming,IPP,Independent Power Producers,NGGT,Natural Gas - GT,105.9,megawatts
2024,WY,Wyoming,IPP,Independent Power Producers,NGIC,Natural Gas - IC,9.2,megawatts
2024,WY,Wyoming,IPP,Independent Power Producers,OOG,Other Gas,3.3,megawatts
2024,WY,Wyoming,IPP,Independent Power Producers,OT,Other,13.3,megawatts
2024,WY,Wyoming,IPP,Independent Power Producers,PET,Petroleum,1.1,megawatts
2024,WY,Wyoming,IPP,Independent Power Producers,PETIC,Petroleum - IC,1.1,megawatts
2024,WY,Wyoming,IPP,Independent Power Producers,SOL,Solar,242.0,megawatts
2024,WY,Wyoming,IPP,Independent Power Producers,SOLPV,Solar - PV,242.0,megawatts
2024,WY,Wyoming,IPP,Independent Power Producers,WND,Wind,1869.4,megawatts
2024,WY,Wyoming,TOT,All sectors,ALL,All,10845.5,megawatts
2024,WY,Wyoming,TOT,All sectors,COL,Coal,4999.0,megawatts
2024,WY,Wyoming,TOT,All sectors,HYC,Hydroelectric,307.1,megawatts
2024,WY,Wyoming,TOT,All sectors,NG,Natural Gas,1671.1,megawatts
2024,WY,Wyoming,TOT,All sectors,NGCC,Natural Gas - CC,94.0,megawatts
2024,WY,Wyoming,TOT,All sectors,NGGT,Natural Gas - GT,250.9,megawatts
2024,WY,Wyoming,TOT,All sectors,NGIC,Natural Gas - IC,9.2,megawatts
2024,WY,Wyoming,TOT,All sectors,NGST,Natural Gas - ST,1317.0,megawatts
2024,WY,Wyoming,TOT,All sectors,OOG,Other Gas,3.3,megawatts
2024,WY,Wyoming,TOT,All sectors,OT,Other,13.3,megawatts
2024,WY,Wyoming,TOT,All sectors,PET,Petroleum,5.8,megawatts
2024,WY,Wyoming,TOT,All sectors,PETIC,Petroleum - IC,5.8,megawatts
2024,WY,Wyoming,TOT,All sectors,SOL,Solar,242.0,megawatts
2024,WY,Wyoming,TOT,All sectors,SOLPV,Solar - PV,242.0,megawatts
2024,WY,Wyoming,TOT,All sectors,WND,Wind,3603.9,megawatts
